# Broken Arrow Realism Overhaul - vraies stats (données v1). Fichier généré par le mod à chaque version : pour changer une valeur, utiliser les fichiers *_override.csv du dossier parent.
Option;Id;Name;GroundRange;MuzzleVelocity;MaxSpeed;BurnTime;MaxSeekerDistance;Damage;LowAltRange;PenetrationAtMinRange;PenetrationAtGroundRange;MinimalRange;Acceleration;PreventReloadWhileTracked;HighAltRange;IgnoreCover;TargetType;HealthAOERadius;DispersionHorizontalRadius;DispersionVerticalRadius;ResupplyTime;NonSeadProjectileRangeOverride;SeadProjectileRangeOverride;TopArmorAttack;RadioFuseDistance;SmokeRadius
;11;Round 125 2A46M AP T72B T72A T1;3000;1700;;;;;;;;;;;;;;;;;;;;;
;264;Round 125 2A46M AP T72BA T2;3000;;;;;;;;;;;;;;;;;;;;;;
;54;Round 125 2A46M HE T72B T72A T1;5000;850;;;;;;;;;;;;;;;;;;;;;
;265;Round 125 2A46M HE T72BA T2;5000;850;;;;;;;;;;;;;;;;;;;;;
;356;Round 125 HEAT T1;3000;905;;;;;;;;;;;;;;;;;;;;;
;532;Round 125 HEAT T2 T2.5;3000;915;;;;;;;;;;;;;;;;;;;;;
;72;Missile GLAT Invar;4000;;350;14;4000;22;;;;;;;;;;;;;;;;;
;125;Missile GLAT InvarM;5000;;350;18;5000;22;;;;;;;;;;;;;;;;;
;9;Bullet 7.62x54 MG Vehicles;1000;;;;;;;;;;;;;;;;;;;;;;
;70;Bullet 12.7x108RU;2000;;;;;;1000;;;;;;;;;;;;;;;;
;48;Round 125 2A82 AP T3;3000;2050;;;;;;;;;;;;;;;;;;;;;
;49;Round 125 2A82 HE T3;4700;;;;;;;;;;;;;;;;;;;;;;
;244;Round 125 HEAT T3;3000;;;;;;;;;;;;;;;;;;;;;;
;514;Missile GLAT Sprinter;8000;;350;25;8000;22;;950;950;;;;;;;;;;;;;;
;144;Missile GLAT SokolV;;;;;;22;;;;;;;;;;;;;;;;;
;124;Round 125 2A75 AP T2;3000;;;;;;;;;;;;;;;;;;;;;;
;126;Round 125 2A75 HE T2;5000;850;;;;;;;;;;;;;;;;;;;;;
;141;Round 125 AP T80BVM T2.5;3000;1660;;;;;;;;;;;;;;;;;;;;;
;142;Round 125 HE T80BVM T2.5;5000;850;;;;;;;;;;;;;;;;;;;;;
;239;Round 125 2A46M5 T90A T80UA AP T2.5;3000;1700;;;;;;;;;;;;;;;;;;;;;
;139;Round 125 AP T72B3 obr16 T2.5;3000;1660;;;;;;;;;;;;;;;;;;;;;
;140;Round 125 HE T72B3 obr16 T2.5;5000;850;;;;;;;;;;;;;;;;;;;;;
;246;Round 125 AP T80BV T2;3000;1700;;;;;;;;;;;;;;;;;;;;;
;247;Round 125 HE T80BV T2;5000;850;;;;;;;;;;;;;;;;;;;;;
;541;Round 125 HEAT T2 T80BV;3000;905;;;;;;;;;;;;;;;;;;;;;
;223;Round 76 D56TS HEAT T1;1000;;;;;;;;;;;;;;;;;;;;;;
;224;Round 76 D56TS HE T1;4000;;;;;;;;;;;;;;;;;;;;;;
;221;Round 57 AU220 AP T2.5;;1000;;;;;;;;;;;;;;;;;;;;;
;222;Round 57 AU220 HE T2.5;;1000;;;;;;;;;;;;;;;;;;;;;
;82;Round 30 2A42 T1 AP;1500;;;;;;;;;;;;;;;;;;;;;;
;204;Round 30 2A42 T1 HE;4000;;;;;;2500;;;;;;;;;;;;;;;;
;99;Grenade 30x29 AGS17/30;1700;;;;;5;;;;;;;;;;;;;;;;;
;238;Round 125 2A46M1 T90 AP T2;3000;1700;;;;;;;;;;;;;;;;;;;;;
;240;Round 125 2A46M1 T90 HE T2;5000;850;;;;;;;;;;;;;;;;;;;;;
;241;Round 125 2A46M5 T90A T80UA HE  T2.5;5000;;;;;;;;;;;;;;;;;;;;;;
;242;Round 125 2A46M501 T90M AP T3;3000;1650;;;;;;;;;;;;;;;;;;;;;
;243;Round 125 2A46M501 T90M HE T3;5000;;;;;;;;;;;;;;;;;;;;;;
;245;Missile GLAT InvarM1 T90M;5000;;350;18;5000;22;;;;;;;;;;;;;;;;;
;248;Round 125 AP T80U T2;3000;1700;;;;;;;;;;;;;;;;;;;;;
;249;Round 125 HE T80U T2;5000;850;;;;;;;;;;;;;;;;;;;;;
;250;Missile GLAT InvarM1;5000;;350;18;5000;22;;;;;;;;;;;;;;;;;
;209;Round 30 2A42 T3 AP;1500;;;;;;;;;;;;;;;;;;;;;;
;546;Round 30 2A42 T3 HE BMPT;4000;;;;;;2500;;;;;;;;;;;;;;;;
;123;Missile AT AtakaM;8000;;550;17;8000;24;;;;800;275;;;;;;;;;;;;
;701;Round 115 2A20 AP T1;3000;;;;;;;;;;;;;;;;;;;;;;
;713;Round 115 2A20 AP T2;3000;;;;;;;;;;;;;;;;;;;;;;
;8;Missile GLAT Arkan;4000;;300;16;4000;22;;;;;;True;;;;;;;;;;;
;197;Missile GLAT ArkanM;5500;;300;21;5500;22;;;;;;True;;;;;;;;;;;
;27;Bullet 7.62x51 MG ;1100;;;;;;;;;;;;;;;;;;;;;;
;714;Round 115 2A20 HEAT T1 ;3000;;;;;;;;;;;;;;;;;;;;;;
;715;Round 115 2A20 HEAT T2;3000;;;;;;;;;;;;;;;;;;;;;;
;716;Round 115 2A20 HE T1;3000;;;;;;;;;;;;;;;;;;;;;;
;717;Round 115 2A20 HE T2;3000;;;;;;;;;;;;;;;;;;;;;;
;725;Rocket 80 S8 Gadyuka;4000;700;;;;23;;;;;;;;;;;;;;;;;
;3;Round 30 2A72 T2 AP;2000;;;;;;;;;;;;;;;;;;;;;;
;177;Round 30 2A72 T2 HE;4000;;;;;;2500;;;;;;;;;;;;;;;;
;127;Missile AA IglaS;;;570;13;6000;;6000;;;500;285;;6000;;;;;;;;;;
;737;Rocket 93 RPOM Thermobaric Vehicle;800;;;;;35;;;;;;;;0.7;;;;;;;;;
;254;Round 120 M256 AP M1A2SEP2 T3;3000;;;;;;;;;;;;;;;;;;;;;;
;251;Round 120 M256 HEAT M1A2SEP2 T3;3000;;;;;;;;;;;;;;;;;;;;;;
;19;Bullet 12.7x99;1800;;;;;;;;;;;;;;;;;;;;;;
;23;Round 105 M68 AP T1;2000;1500;;;;;;;;;;;;;;;;;;;;;
;493;Round 165 M81E1 HESH T1;925;;;;;;;;;;;;;;;;;;;;;;
;24;Round 105 M68 HESH T1;4000;;;;;;;;;;;;;;;;;;;;;;
;257;Round 120 M256 AP M1A1HC T2;3000;;;;;;;;;;;;;;;;;;;;;;
;260;Round 120 M256 HEAT M1A1HC T2;3000;;;;;;;;;;;;;;;;;;;;;;
;258;Round 120 M256 AP M1A1FEP T3;3000;;;;;;;;;;;;;;;;;;;;;;
;168;Missile GLAT Shillelagh;3000;;320;12;3000;22;;;;;160;;;;;;;;;;;;
;12;Round 105 M68 XM35 AP T2;2000;1500;;;;;;;;;;;;;;;;;;;;;
;171;Round 105 M68 XM35 HESH T2;4000;;;;;;;;;;;;;;;;;;;;;;
;172;Round 120 XM291 AP T3;3000;1650;;;;;;;;;;;;;;;;;;;;;
;173;Round 120 XM291 HEAT T3;3000;1400;;;;;;;;;;;;;;;;;;;;;
;1;Round 120 M256 AP M1A2C T3;3000;;;;;;;;;;;;;;;;;;;;;;
;540;Round 120 M256 HE SEP3;5000;;;;;;;;;;;;;;;;;;;;;;
;2;Round 120 M256 HEAT M1A2C T3;3000;1400;;;;;;;;;;;;;;;;;;;;;
;255;Round 120 M256 AP M1A2SEP T3;3000;;;;;;;;;;;;;;;;;;;;;;
;252;Round 120 M256 HEAT M1A2SEP T3;3000;;;;;;;;;;;;;;;;;;;;;;
;256;Round 120 M256 AP M1A2 T2.5;3000;;;;;;;;;;;;;;;;;;;;;;
;253;Round 120 M256 HEAT M1A2 T2.5;3000;;;;;;;;;;;;;;;;;;;;;;
;505;Round 105 XM35 AP T3;2000;1500;;;;;;;;;;;;;;;;;;;;;
;504;Round 105 XM35 HESH T3;4000;;;;;;;;;;;;;;;;;;;;;;
;467;Obus Unkown MICLIC;150;;;;;;;;;50;;;;;;;;;;;;;
;50;Grenade 40x53 NATO (Mk19);1500;;;;;5;;;;;;;;;;;;;;;;;
;602;Round 120 Leo2A8 DM73 AP;3000;1780;;;;;;;;;;;;;;;;;;;;;
;576;Round 120 Leo2A8 HE;5000;;;;;;;;;;;;;;;;;;;;;;
;577;Round 120 Leo2A8 HEAT;3000;1140;;;;;;;;;;;;;;;;;;;;;
;7;Round 100 2A70 T1 HE;4000;;;;;25;;;;;;;;0.3;;;;;;;;;
;194;Round 100 2A70 T2 HE;4000;;;;;25;;;;;;;;0.3;;;;;;;;;
;63;Missile AT Kornet;5500;;250;24;5500;24;;;;;125;;;;;;;;;;;;
;195;Round 30 2A72 T3 AP;2000;;;;;;;;;;;;;;;;;;;;;;
;196;Round 30 2A72 T3 HE;4000;;;;;;2500;;;;;;;;;;;;;;;;
OPTION_ATGM_ANTI_INFANTERIE;63;Missile AT Kornet;;;;;;;;;;;;;;;Infantry, Vehicle, Ship;;;;;;;;
;346;Missile AT Bulat;;;;;;24;;;;;;;;;;;;;;;;;
;5;Missile AT TOW2A;3750;;188;22;3750;24;;;;65;94;;;;;;;;;;;;
;25;Round 25 Bushmaster T2 AP ;2000;;;;;;;;;;;;;;;;;;;;;;
;26;Round 25 Bushmaster T2 HE;2200;;;;;;2200;;;;;;;;;;;;;;;;
OPTION_ATGM_ANTI_INFANTERIE;5;Missile AT TOW2A;;;;;;;;;;;;;;;Infantry, Vehicle, Ship;;;;;;;;
;278;Round 25 Bushmaster T3 AP;2000;;;;;;;;;;;;;;;;;;;;;;
;277;Round 25 Bushmaster T3 HE;2200;;;;;;2200;;;;;;;;;;;;;;;;
;52;Missile AT TOW2B;3750;;179;23;3750;24;;;;200;90;;;;;;;;;;;;
;458;Missile AT TOW BunkerBuster HE;3750;;;21;3750;35;;;;65;100;;;0.7;;;;;;;;;
;206;Round 30 2A42 T2 AP;1500;;;;;;;;;;;;;;;;;;;;;;
;205;Round 30 2A42 T2 HE;4000;;;;;;2500;;;;;;;;;;;;;;;;
;131;Missile AT KornetM;8000;;300;29;8000;24;;;;150;150;;;;;;;;;;;;
;96;Missile AT KonkursM;4000;;208;22;4000;24;;;;75;104;;;;;;;;;;;;
OPTION_ATGM_ANTI_INFANTERIE;131;Missile AT KornetM;;;;;;;;;;;;;;;Infantry, Vehicle, Ship;;;;;;;;
OPTION_ATGM_ANTI_INFANTERIE;96;Missile AT KonkursM;;;;;;;;;;;;;;;Infantry, Vehicle, Ship;;;;;;;;
;22;Round 30 Bushmaster2 AP T3;3000;;;;;;;;;;;;;;;;;;;;;;
;53;Round 30 Bushmaster2 HE T3;3000;;;;;;3000;;;;;;;;;;;;;;;;
;210;Round 30 2A42 T3 HE;4000;;;;;;2500;;;;;;;;;;;;;;;;
;266;Round 57 2A91 Barbaris AP T3;3000;;;;;;;;;;;;;;;;;;;;;;
;267;Round 57 2A91 Barbaris HE T3;4000;;;;;;4000;;;;;;;;;;;;;;;;
;435;Round 73 2A28 HEAT T1;800;;;;;19;;;;;;;;;;;;;;;;;
;436;Round 73 2A28 HE T1;1000;;;;;20;;;;;;;;;;;;;;;;;
;208;Round 30 2A72 T1 AP;2000;;;;;;;;;;;;;;;;;;;;;;
;207;Round 30 2A72 T1 HE;4000;;;;;;2500;;;;;;;;;;;;;;;;
;114;Missile AT Fagot;2500;;186;16;2500;24;;;;70;93;;;;;;;;;;;;
;395;Missile AT FagotM;2500;;186;16;2500;24;;;;70;93;;;;;;;;;;;;
OPTION_ATGM_ANTI_INFANTERIE;114;Missile AT Fagot;;;;;;;;;;;;;;;Infantry, Vehicle, Ship;;;;;;;;
OPTION_ATGM_ANTI_INFANTERIE;395;Missile AT FagotM;;;;;;;;;;;;;;;Infantry, Vehicle, Ship;;;;;;;;
;569;Round 35 Bushmaster3 AP T3;2000;;;;;;;;;;;;;;;;;;;;;;
;549;Missile AT Spike LR;4000;;;24;;24;;;;;95;;;;;;;;;;;;
OPTION_ATGM_ANTI_INFANTERIE;549;Missile AT Spike LR;;;;;;;;;;;;;;;Infantry, Vehicle, Ship;;;;;;;;
;570;Round 35 Bushmaster3 HE T3;4000;;;;;;3000;;;;;;;;;;;;;;;;
;508;Missile AT JavelinLWCLU;4000;;;23;;24;;;;65;;;;;;;;;;;;;
;155;Bullet 7.62x51 Minigun;1000;;;;;;;;;;;;;;;;;;;;;;
;36;Round 30 M230LF HEDP;2500;;;;;;;;;;;;;;;;;;;;;;
;279;Grenade 40x53 NATO Mk47;1700;;;;;5;;;;;;;;;;;;;;;;;
;280;Bullet 12.7x99 Minigun;1800;;;;;;;;;;;;;;;;;;;;;;
;176;Round 23x115 AP23 Mixed;2200;;;;;;2200;;;;;;;;;;;;;;;;
;162;Round 23x152 ZU23 AAG HE;2500;;;;;;2500;;;;;;2000;;;;;;;;;;
;189;Round 23x152 ZU23M AAG HE;2500;;;;;;2500;;;;;;2000;;;;;;;;;;
;451;Rocket 93 RPO Thermobaric Vehicle;600;;;;;35;;;;;;;;0.7;;;;;;;;;
;501;Missile AA 70 Hydra Fletcher;;;;;;25;;;;;;;;;;;;;;;;;
;163;Bullet 14.5 ;2000;;;;;;1500;;;;;;;;;;;;;;;;
;515;Missile AT Kornet Thermobaric;5500;;250;24;5500;45;;;;;125;;;0.5;;;;;;;;;
;202;Missile AT KornetM Thermobaric;8000;;300;29;8000;45;;;;150;150;;;0.5;;;;;;;;;
;156;Bullet 7.62x54 Minigun;1000;;;;;;;;;;;;;;;;;;;;;;
;98;Missile AT MetisM1;2000;;200;12;2000;24;;;;80;100;;;;;;;;;;;;
;118;Grenade 40 AGS40;2500;;;;;5;;;;;;;;;;;;;;;;;
;553;Missile AT Kokon TracReload;6000;;345;20;6000;24;;;;400;;;;;;;;;;;;;
;554;Missile AT Kokon Thermobaric TracReload;6000;;345;20;6000;35;;;;400;170;;;0.5;;;;;;;;;
;555;Missile AT AtakaM TracReload;8000;;550;17;8000;24;;;;800;275;;;;;;;;;;;;
;556;Missile AT AtakaM Thermobaric TracReload;5800;;550;13;5800;40;;;;1000;275;;;0.5;;;;;;;;;
;551;Missile AT Kornet TracReload;5500;;250;24;5500;24;;;;;125;;;;;;;;;;;;
;552;Missile AT Kornet Thermobaric TracReload;5500;;250;24;5500;45;;;;;125;;;0.5;;;;;;;;;
;203;Missile AT Khrizantema;6000;;400;17;6000;24;;;;400;200;;;;;;;;;;;;
;494;Missile AT Khrizantema Thermobaric;6000;;400;17;6000;40;;;;400;200;;;0.5;;;;;;;;;
;557;Missile AT KonkursM Thermobaric;4000;;208;22;4000;35;;;;75;104;;;0.5;;;;;;;;;
;498;Round 100 MT12 AP T1;3000;;;;;;;;;;;;;;;;;;;;;;
;499;Round 100 MT12 HEAT T1;1000;;;;;;;;;;;;;;;;;;;;;;
;490;Round 57 S60 AP T1;4000;;;;;;;;;;;;;;;;;;;;;;
;491;Round 57 S60 HE T1;4000;;;;;;4000;;;;;;;;;;;;;;;;
;105;InfRocket 73 SPG9 HEAT;800;;;;;24;;;;;;;;;;;;;;;;;
;525;InfRocket 73 SPG9 HE;800;;;;;20;;;;;;;;;;;;;;;;;
OPTION_GRENADE_40MM_LETALE;50;Grenade 40x53 NATO (Mk19);;;;;;5;;;;;;;;;;5;;;;;;;
;275;InfBullet 12.7x99 Sniper T1;1830;;;;;;;;;;;;;;;;;;;;;;
;571;Round 30 Rarden AP;2000;;;;;;;;;;;;;;;;;;;;;;
;567;Round 30 Rarden HE;2000;;;;;;;;;;;;;;;;;;;;;;
;591;InfRocket 90 PVPJ1110 HEAT;900;;;;;24;;800;800;;;;;;;;;;;;;;
;609;InfRocket 90 PVPJ1110 HE;900;;;;;15;;;;;;;;;;;;;;;;;
;572;Missile AT RBS56;2200;;250;11;2200;24;;;;150;125;;;;;;;;;;;;
;596;Missile AT MilanER;3000;;200;17;3000;24;;;;;100;;;;;;;;;;;;
;574;Missile AT MAPATS;6000;;;32;6000;24;;;;300;100;;;;;;;;;;;;
;347;Shell 152 2A64 M2 HE;9000;;;;;;;;;;;;;;;;;;;;;;
;348;Shell 152 2A64 M2 HE Guided;9000;;;;;;;;;;;;;;;;;;;;;;
;349;Shell 152 2A64 M2 SMK;9000;;;;;;;;;;;;;;;;;;;;;;
;68;Shell 152 2A64 M1 SMK;9000;;;;;;;;;;;;;;;;;;;;;;
;413;Shell 152 2A64 M1 Cluster;9000;;;;;;;;;;;;;;;;;;;;;;
;37;Shell 105 M20 HE;9000;;;;;30;;;;;;;;;;;;;;;;;
;419;Shell 105 M20 CLUS;9000;;;;;;;;;;;;;;;;;;;;;;
;421;Shell 105 M20 HE-RAP;9000;;;;;30;;;;;;;;;;;;;;;;;
;420;Shell 105 M20 SMK;9000;;;;;;;;;;;;;;;;;;;;;;
;64;Shell 130 AK130 HE;9000;;;;;35;;;;;;;;;;;;;;;;;
;281;Shell 155 M284 M109A7 HE Guided;9000;;;;;;;;;;;;;;;;;;;;;;
;423;Shell 155 M907 IronThunder HE Guided;9000;;;;;;;;;;;;;;;;;;;;;;
;152;Shell 155 M284 M109A7 SMK;9000;;;;;;;;;;;;;;;;;;;;;;
;174;Shell 122 2A31 HE ;9000;;;;;;;;;;;;;;;;;;;;;;
;417;Obus 120 2A80 Vena HE;8500;;;;;35;;;;;;;;;;;136;136;;;;;
;414;Obus 120 2A80 Vena SMK;7200;;;;;;;;;;;;;;;;;;;;;;
;218;Missile Ballistic 500 IskanderM HE;9000;;2100;;;;;;;;1050;;;;;;;;480;;;;
;566;Missile Ballistic 500 IskanderM Cluster;9000;;2100;;;;;;;;1050;;;;;;;;480;;;;
;219;Missile Cruise IskanderK HE Guided;9000;;;32;;;;;;;;;;;;;;;480;;;;
;752;Missile Cruise IskanderK Fast Resupply;9000;;;32;;;;;;;;;;;;;;;480;;;;
;228;Shell 152 2A88 HE;9000;;;;;;;;;;;;;;;;;;;;;;
;229;Shell 152 2A88 Rad HE-RAP;9000;;;;;;;;;;;;;;;;;;;;;;
;412;Shell 152 2A88 Rad HE Guided;9000;;;;;;;;;;;;;;;;;;;;;;
;236;Shell 152 2A33 T2 HE;9000;;;;;;;;;;;;;;;;;;;;;;
;237;Shell 152 2A33 SMK;9000;;;;;;;;;;;;;;;;;;;;;;
;92;Round 152 2A33 Akatsiya HEAT T1;3000;;;;;;;;;;;;;;;;;;;;;;
;261;Shell 155 M284 M109A6 HE;9000;;;;;;;;;;;;;;;;;;;;;;
;149;Shell 155 M284 M109A6 SMK;9000;;;;;;;;;;;;;;;;;;;;;;
;425;Shell 155 M284 M109A6 Cluster;9000;;;;;;;;;;;;;;;;;;;;;;
;426;Shell 155 M284 M109A6 HEAT Guided;9000;;;;;;;;;;;;;;;;;;;;;;
;439;Missile Ballistic 500 TochkaU HE;9000;;1030;11;;;;;;;515;;;;;;;;1140;;;;
;440;Missile Ballistic 500 TochkaU Cluster;9000;;1030;11;;;;;;;515;;;;;;;;1140;;;;
OPTION_TOCHKA_ZONE_REELLE;440;Missile Ballistic 500 TochkaU Cluster;;;;;;;;;;;;;;;;150;;;;;;;
;4;Shell 155 M284 M109A7 HE;9000;;;;;;;;;;;;;;;;;;;;;;
;481;Shell 203 2A44 Malka HE;9000;;;;;;;;;;;;;;;;;;;;;;
;565;Shell 203 2A44 Malka HE Guided;9000;;;;;;;;;;;;;;;;;;;;;;
;503;Shell 105 LEO HE;9000;;;;;30;;;;;;;;;;;;;;;;;
;581;Shell 105 LEO Clus;9000;;;;;;;;;;;;;;;;;;;;;;
;558;Obus Unkown UR77;;;;;;;;;;;;;;;;;;;900;;;;
;605;Shell 155 M284 M109A5O HE;9000;;;;;;;;;;;;;;;;;;8;;;;
;606;Shell 155 M284 M109A5O SMK;9000;;;;;;;;;;;;;;;;;;8;;;;
;610;Shell 155 K9EST HE;9000;;;;;;;;;;;;;;;;;;5;;;;
;613;Shell 155 K9EST HE RAP;9000;;;;;;;;;;;;;;;;;;5;;;;
;611;Shell 155 K9EST HE Guided;9000;;;;;;;;;;;;;;;;;;;;;;
;612;Shell 155 K9EST SMK;9000;;;;;;;;;;;;;;;;;;5;;;;
;607;Shell 155 PZH2000 HE;9000;;;;;;;;;;;;;;;;;;12;;;;
;625;Shell 155 PZH2000 HE-RAP;9000;;;;;;;;;;;;;;;;;;12;;;;
;910;Shell 152 2A64 Malva HE-RAP;9000;;;;;;;;;;;;;;;;;;;;;;
;6;Obus 120 M121 HE;7240;;;;;35;;;;;;;;;;;136;136;;;;;
;87;Obus 120 M121 SMK;7240;;;;;;;;;;;;;;;;;;;;;;
;422;Obus 120 M121 HE Guided;7000;;;;;35;;;;;;;;;;;10;10;;;;;
;15;MLRS 227 HE Guided;9000;;;;;45;;;;;;;;;;;;;;;;;
;38;MLRS 227 Cluster Guided;9000;;;;;;;;;;;;;;;;;;;;;;
;34;Missile Ballistic 560 ATACMS Cluster;9000;;1000;11;;45;;;;;;;;0.5;;;;;240;;;;
;427;Missile Ballistic 400 PrSM HE Guided;9000;;;14;;;;;;;;;;;;;;;150;;;;
;66;MLRS 122 Grad HE ;9000;;;;;40;;;;;;;;;;;;;;;;;
;431;MLRS 122 Grad Cluster;9000;;;;;;;;;;;;;;;;;;;;;;
;432;MLRS 122 Grad Incendiary;9000;;;;;;;;;;;;;;;40;;;;;;;
;73;MLRS 122 Grad SMK;9000;;;;;;;;;;;;;;;;;;;;;;
;67;MLRS 300 HE;9000;;;;;45;;;;;;;;;;;;;;;;;
;428;MLRS 300 Cluster;9000;;;;;;;;;;;;;;;;;;;;;;
;430;MLRS 300 HE Guided;9000;;;;;45;;;;;;;;;;;;;80;;;;
;429;MLRS 300 Cluster Guided;9000;;;;;;;;;;;;;;;;;;80;;;;
;71;Obus 240 HE;9000;;;;;45;;;;800;;;;0.5;;;;;;;;;
;409;Obus 240 HE Guided;9000;;;;;45;;;;3600;;;;0.5;;;;;;;;;
;133;Obus 81 M252 HE;5935;;;;;20;;;;;;;;;;;;;;;;;
;132;Obus 81 M252 SMK;5935;;;;;;;;;;;;;;;;;;;;;;
;623;Obus 120 M121 HE-RAP;9000;;;;;35;;;;;;;;;;;136;136;;;;;
;624;Obus 120 M121 HE Guided PERM;9000;;;;;35;;;;;;;;;;;2;2;;;;;
;134;Obus 82 HE;6000;;;;;20;;;;;;;;;;;;;;;;;
;136;Obus 82 SMK;6000;;;;;;;;;;;;;;;;;;;;;;
;903;Missile Ballistic 400 PrSM HE Guided Fast Reload;9000;;;14;;;;;;;;;;;;;;;;;;;
;178;MLRS 220 TOS1 Thermobaric;3500;;;;;45;;;;;;;;0.7;;;;;60;;;;
;179;MLRS 220 TOS1A Thermobaric;6000;;;;;45;;;;;;;;0.7;;;;;60;;;;
;410;Obus 82 Vasilyok HE;4270;;;;;20;;;;;;;;;;;;;;;;;
;183;Obus 120 Dilemma HE;7100;;;;;35;;;;;;;;;;;136;136;;;;;
;191;Obus 120 2A51M HE-RAP;9000;;;;;35;;;;;;;;;;;136;136;;;;;
;193;Obus 120 2A51M SMK ;7247;;;;;;;;;;;;;;;;;;;;;;
;418;Obus 120 2A51M HE Guided;9000;;;;;35;;;;;;;;;;;;;;;;;
;150;Obus 120 2A51 Cluster;8000;;;;;;;;;;;;;;;;;;;;;;
;406;Round 120 2A51 HEAT T1;1000;;;;;;;;;;;;;;;;;;;;;;
;415;Obus 120 2A80 Vena HE Guided;9000;;;;;35;;;;;;;;;;;;;;;;;
;187;Round 120 2A80 Vena HEAT;1000;;;;;;;;;;;;;;;;;;;;;;
;190;Obus 120 2A51 HE;8800;;;;;35;;;;;;;;;;;136;136;;;;;
;192;Obus 120 2A51 SMK;7100;;;;;;;;;;;;;;;;;;;;;;
;404;Obus 120 2A51 HE-RAP;9000;;;;;35;;;;;;;;;;;136;136;;;;;
;405;Obus 120 2A51 HE Guided;9000;;;;;35;;;;;;;;;;;;;;;;;
;214;MLRS 220 Uragan1M;9000;;;;;45;;;;;;;;;;;;;;;;;
;215;MLRS 220 TOS2 Thermobaric;9000;;;;;45;;;;;;;;0.7;;;;;;;;;
;443;MLRS 227 HE;9000;;;;;45;;;;;;;;;;;;;;;;;
;444;MLRS 227 Cluster;9000;;;;;;;;;;;;;;;;;;;;;;
;416;Obus 120 2A80 Vena HE-RAP;9000;;;;;35;;;;;;;;;;;136;136;;;;;
;450;Obus 120 Magnolia Cluster;8000;;;;;;;;;;;;;;;;;;;;;;
;18;Missile AA Stinger Vehicles;;;750;9;4800;;4800;;;200;375;;4800;;;;;;30;;;;
;20;Missile AA 57Eh6E Pantsir;;;1300;9;9000;;9000;;;1200;650;;9000;;;;;;60;6000;6000;;
;60;Round 30 2A38 Pantsir AAG HE T3;4000;;;;;;4000;;;;;;3000;;;;;;;;;;
OPTION_PANTSIR_ANTIMISSILE;20;Missile AA 57Eh6E Pantsir;;;;;;;;;;;;;;;1920;;;;;;;;
;166;Missile AA Hellfire SHORAD;8000;;425;21;;30;5600;;;;210;;;0.5;47;;;;;;;;
;454;Round 30 M230LF HEDP AAG;2000;;;;;;;;;;;;;;;;;;;;;;
;28;Missile AA TorM1;;;800;14;9000;;9000;;;1000;400;;9000;;;;;;135;;;;
;77;Missile AA TorM2;;;1000;11;9000;;9000;;;1000;500;;9000;;;;;;68;;;;
;545;Rocket 70 Hydra LAVAD;;;;;;25;;;;;;;;;;;;;;;;;
;32;Round 25 GAU12 AAG HE;2500;;;;;;2500;;;;;;2500;;;;;;;;;;
;69;Missile AA OsaAKM;;;;20;9000;;9000;;;1500;;;9000;;;;;;50;;;;
;452;Missile AA OsaAKM1;;;;19;9000;;9000;;;1500;;;9000;;;;;;50;;;;
;62;Round 20 M61 AAG HE;1800;;;;;;1200;;;;;;1200;;;;;;;;;;
;97;Missile AA Verba;;;;15;6400;;6400;;;500;200;;6400;;;;;;;;;;
;181;Missile AA Strela10;;;550;12;5000;;5000;;;800;275;;5000;;;;;;45;;;;
;182;Missile AA Sosna;;;875;13;9000;;9000;;;1300;440;;9000;;;;;;50;;;;
;201;Round 57 2A91 Derivatsiya AAG HE T3;4000;;;;;;6000;;;;;;6000;;;;;;;;;;
;106;Missile AA IglaN;;;570;12;5200;;5200;;;;285;;5200;;;;;;;;;;
;212;Round 23 AZP23 NoRad HE;2500;;;;;;2500;;;;;;2500;;;;;;;;;;
;213;Round 23 AZP23 Rad AAG HE;2500;;;;;;2500;;;;;;2500;;;;;;;;;;
;232;Missile AA 9M311 TunguskaM;;;900;11;8000;;8000;;;1300;450;;8000;;;;;;120;;;;
;233;Missile AA 9M3111M TunguskaM1;;;900;12;9000;;9000;;;1300;450;;9000;;;;;;120;;;;
;231;Round 30 2A38 Tunguska AAG HE;4000;;;;;;4000;;;;;;3000;;;;;;;;;;
;234;Missile AA 57Eh6E PantsirSV;;;1300;9;9000;;9000;;;1200;650;;9000;;;;;;;;;;
;262;Round 20 M61 AAG CIWS HE;;;;;;;2000;;;;;;2000;;;;;;;;;;
;560;Missile AA RIM116 SeaRAM;;;680;16;9000;;9000;;;;340;;9000;;;;;;;;;;
;464;Missile AA AMRAAM Ground;;;1360;9;;;9000;;;2500;680;;9000;;;;;;;;;;
;465;Missile AA AIM9 Ground;;;;13;9000;;9000;;;;;;9000;;;;;;;;;;
;603;Missile AA AMRAAM ER Ground;;;;15;;;9000;;;;;;9000;;;;;;;;;;
;601;Missile AA Mistral3 Vehicles;;;930;11;8000;;8000;;;;465;;8000;;;;;;;;;;
;138;Missile AA S300V Small;;;1700;8;9000;;9000;;;;850;;9000;;Helicopter, Aircraft, Projectile, SEADMissile, CruiseMissile, BallisticMissile;;;;225;9000;9000;;
;211;Missile AA S300V Big;;;2600;6;9000;;9000;;;;1300;;9000;;Helicopter, Aircraft, Projectile, SEADMissile, CruiseMissile, BallisticMissile;;;;450;9000;9000;;
;154;Missile AA Patriot PAC2;;;1190;10;9000;;9000;;;;600;;9000;;Helicopter, Aircraft, Projectile, SEADMissile, CruiseMissile, BallisticMissile;;;;225;9000;9000;;
;216;Missile AA S350 9M96;;;900;12;;20;9000;;;1000;;;9000;;Helicopter, Aircraft, Projectile, SEADMissile, CruiseMissile, BallisticMissile;;;;50;9000;9000;;
;217;Missile AA S350 S400 9M96M;;;1000;11;;20;9000;;;1000;;;9000;;Helicopter, Aircraft, Projectile, SEADMissile, CruiseMissile, BallisticMissile;;;;50;9000;9000;;
;220;Missile AA S400 Big;;;1190;10;;;9000;;;2000;600;;9000;;Helicopter, Aircraft, Projectile, SEADMissile, CruiseMissile, BallisticMissile;;;;150;9000;9000;;
OPTION_S400_ANTIMISSILE;220;Missile AA S400 Big;;;;;;;;;;;;;;;Projectile, SEADMissile, CruiseMissile, BallisticMissile;;;;;;;;
OPTION_S400_ANTIMISSILE;217;Missile AA S350 S400 9M96M;;;;;;;;;;;;;;;Projectile, SEADMissile, CruiseMissile, BallisticMissile;;;;;;;;
;225;Missile AA BUK M2;;;1230;10;9000;;9000;;;3000;620;;9000;;Helicopter, Aircraft, Projectile, SEADMissile, CruiseMissile, BallisticMissile;;;;195;9000;9000;;
;263;Missile AA Patriot PAC3;;;;9;;20;9000;;;;;;9000;;Helicopter, Aircraft, Projectile, SEADMissile, CruiseMissile, BallisticMissile;;;;60;9000;9000;;
;497;Missile AA Patriot PAC3MSE;;;;9;;20;9000;;;;;;9000;;Helicopter, Aircraft, Projectile, SEADMissile, CruiseMissile, BallisticMissile;;;;75;9000;9000;;
;547;Missile AA S300PM Base;;;2000;7;9000;;9000;;;3000;1000;;9000;;Helicopter, Aircraft, Projectile, SEADMissile, CruiseMissile, BallisticMissile;;;;225;9000;9000;;
;548;Missile AA S300PM Long;;;1900;7;9000;;9000;;;3000;950;;9000;;Helicopter, Aircraft, Projectile, SEADMissile, CruiseMissile, BallisticMissile;;;;225;9000;9000;;
;618;Missile AA IRIST SLM;;;1000;11;;20;9000;;;;;;9000;;Helicopter, Aircraft, Projectile, SEADMissile, CruiseMissile, BallisticMissile;;;;110;9000;9000;;
;13;Missile AT Hellfire Longbow;8000;;425;21;;24;;;;;210;;;;;;;;;;;;
;17;Rocket 70 Hydra Pod;8000;;;;;25;;;;500;;;;;;;;;;;;;
;45;Rocket 70 Hydra APKWS Pod;5000;;;;;25;;;;1100;;;;;;;;;;;;;
;10;Round 30 M230 HEDP Heli T3;4000;;;;;;;;;;;;;;;;;;;;;;
;164;Missile AT Hellfire;8000;;425;21;8000;24;;;;;210;;;;;;;;;;;;
;83;Missile AT Vikhr;9000;;610;17;9000;24;;1000;1000;;300;;;;;;;;;;;;
;81;Rocket 80 S8 Pod;4000;;;;;23;;400;400;1300;;;;;;;;;;;;;
;85;Rocket 122 S13 Pod;4000;;;;;45;;;;1100;;;;;;;;;;;;;
;564;Round 30 2A42 T3 AP Heli;2000;;;;;;;;;;;;;;;;;;;;;;
;563;Round 30 2A42 T3 HE Heli;4000;;;;;;2500;;;;;;;;;;;;;;;;
;397;Missile ARM AGM122 Heli;9000;;780;14;9000;;;;;;390;;;;;;;;;;;;
;580;Rocket 127 Zuni Pod;8000;;;;;20;;;;;;;;;;;;;;;;;
;80;Missile AT Kokon;6000;;345;20;6000;24;;650;650;400;170;;;;;;;;;;;;
;399;Missile AA R60 Heli;;;840;12;8000;;8000;;;;420;;8000;;;;;;;;;;
;918;Rocket 240 S24 Heli;3000;;;;;45;;;;;;;;;;;;;;;;;
;269;Rocket 70 DAGR Pod;5000;;;;;25;;;;1500;;;;;;;;;;;;;
;513;Bullet 12.7x99 Minigun Heli;1800;;;;;;;;;;;;;;;;;;;;;;
;456;Missile AT Hellfire JAGM;8000;;425;21;;24;;;;;;;;;;;;;;;;;
;449;Missile AT LMUR HE;9000;;230;42;;45;;;;;115;;;;;;;;;;;;
;726;Rocket 80 S8L Pod;6000;;;;;45;;;;;;;;;;16;;;;;;;
;437;Round 23x115 GSh23L Mixed Heli Pod;2000;;;;;;2000;;;;;;;;;;;;;;;;
;479;Bullet 12.7x99 Gunpod;1800;;;;;;;;;;;;;;;;;;;;;;
;379;Round 30 2A42 T1 AP Ka29;2000;;;;;;;;;;;;;;;;;;;;;;
;378;Round 30 2A42 T1 HE Ka29;4000;;;;;;2500;;;;;;;;;;;;;;;;
;604;Round 20x102 NC621 Mixed Heli Pod;2000;;;;;;2000;;;;;;;;;;;;;;;;
;90;Round 30 GSh301 Mixed;1800;;;;;;800;;;;;;800;;;;;;;;;;
;158;Missile A2A R73 Plane;;;850;13;9000;;9000;;;;;;9000;;;;;;;;;;
;159;Missile A2A R77 Plane;;;1360;9;;;9000;;;;;;9000;;;;;;;;;;
;312;Missile A2A R37 Plane;;;2040;7;;;9000;;;;;;9000;;;;;;;;;;
;315;Missile ARM Kh58UShK Plane;9000;;1220;10;9000;;;;;;;;;;;;;;;;;;
;321;Bomb 500kg PBK500U Smart Cluster ;9000;;;;;;;;;;;;;;;;;;;;;;
;318;Missile AGM Kh38ML Plane;9000;;;15;9000;45;;;;;;;;;Ground, Infantry, Vehicle, Ship;20;;;;;;;
;477;Missile Cruise Kh59MK2 Cluster;9000;;;32;;;;;;;;;;;;;;;;;;;
;271;Missile ARM Kh31 Plane;9000;;;10;9000;;;;;;;;;;;;;;;;;;
;316;Missile Cruise Kh59MK Cluster;9000;;;32;;;;;;;;;;;;;;;;;;;
;310;Missile A2A R27ET Plane;;;;15;9000;;9000;;;;;;9000;;;;;;;;;;
;295;Round 20 M61 HE Planes;1500;;;;;;;;;;;;;;;;;;;;;;
;285;Missile A2A AIM7M Plane;;;1360;9;9000;;9000;;;;;;9000;;;;;;;;;;
;59;Missile A2A AIM9 Plane;;;850;13;9000;;9000;;;;;;9000;;;;;;;;;;
;89;Missile A2A AMRAAM Plane;;;1360;9;;;9000;;;;680;;9000;;;;;;;;;;
;296;Bomb 454kg JSOW Smart Cluster;9000;;;;;;;;;;;;;;;;;;;;;;
;297;Bomb 93kg GBU53 SDBII;9000;;;;;;;;;;;;;;;;;;;;;;
;291;Bomb 907kg GBU56;9000;;;;;;;;;;;;;;;;;;;;;;
;288;Bomb 225kg GBU54;9000;;;;;;;;;;;;;;;;;;;;;;
;147;Missile AGM AGM65H Plane;9000;;320;31;9000;25;;;;;;;;;39;15;;;;;;;
;298;Missile ARM AGM88 HARM Plane;9000;;990;12;9000;;;;;;;;;;;;;;;;;;
OPTION_RAYON_BOMBES_REEL;287;Bomb 907kg Mk84;;;;;;;;;;;;;;;;120;;;;;;;
OPTION_RAYON_BOMBES_REEL;291;Bomb 907kg GBU56;;;;;;;;;;;;;;;;120;;;;;;;
;302;Missile Cruise JASSM;9000;;;32;;;;;;;;;;;;;;;;;;;
;294;Rocket 70 Hydra Pod Plane;8000;;;;;25;;;;;;;;;;14;;;;;;;
;145;Rocket 127 Zuni Pod Plane;8000;;;;;20;;;;;;;;;;;;;;;;;
;533;Missile A2A AIM174 Plane;;;1190;10;;;9000;;;;;;9000;;;;;;;;;;
;290;Bomb 454kg GBU55;9000;;;;;;;;;;;;;;;;;;;;;;
;478;Missile Cruise AGM84 SLAMER;9000;;238;40;;;;;;;;;;;;;;;;;;;
;305;Round 25 GAU22 F35;1500;;;;;;;;;;;;;;;;;;;;;;
;502;Missile Cruise JSM;9000;;316;31;;;;;;;;;;;;;;;;;;;
;531;Missile A2A AIM260 Plane;;;1700;8;;;9000;;;;;;9000;;;;;;;;;;
;165;Missile A2A R60 Plane;;;840;12;8000;;8000;;;;;;8000;;;;;;;;;;
;317;Missile AGM Kh25ML Plane;9000;;;17;9000;30;;;;;;;;;39;20;;;;;;;
;733;Missile AGM Kh25ML Heli;9000;;600;17;9000;30;;;;;;;;;39;20;;;;;;;
;313;Rocket 80 S8 Pod Plane;4000;;;;;23;;400;400;;;;;;;;;;;;;;
;148;Rocket 122 S13 Pod Plane;3000;;;;;25;;;;;;;;;;;;;;;;;
;314;Rocket 340 S25 Plane;3000;;;;;45;;;;;;;;;;;;;;;;;
;330;Round 23x115 GSh6_23 Mixed;1500;;;;;;;;;;;;;;;;;;;;;;
;91;Missile AGM Kh29ML Plane;9000;;;17;9000;45;;;;;;;;;39;;;;;;;;
;311;Missile A2A R27ER Plane;;;;14;9000;;9000;;;;;;9000;;;;;;;;;;
;460;Missile Cruise Kh35U;9000;;;32;;;;;;;;;;;;;;;;;;;
;309;Missile A2A R27T Plane ;;;;17;9000;;9000;;;;;;9000;;;;;;;;;;
;917;Rocket 240 S24 Plane ;3000;;;;;45;;;;;;;;;;;;;;;;;
;333;Round 23x115 GSh23L Planes Mixed;1500;;;;;;;;;;;;;;;;;;;;;;
;455;Missile Cruise Kh47M2 Kinzhal HE;9000;;2100;;;;;;;;;;;;;;;;;;;;
;919;Missile Cruise Kh47M2 Kinzhal Clus;9000;;2100;;;;;;;;;;;;;;;;;;;;
;539;Missile AGM Kh29L;9000;;;17;9000;45;;;;;;;;;;;;;;;;;
;340;Missile Cruise Kh47M2 Kinzhal Nuke;9000;;2100;;;;;;;;;;;;;;;;;;;;
;47;Missile AT Hellfire UAV;9000;;425;24;9000;30;;;;;210;;;;;;;;;;;;
;403;Missile A2A Stinger UAV;;;750;9;4800;;4800;;;;;;4800;;;;;;;;;;
;146;Round 25 GAU12 AV8B;1500;;;;;;;;;;;;;;;;;;;;;;
;352;Missile AT Kornet UAV;5500;;;24;5500;24;;;;;;;;;;;;;;;;;
;353;Missile AT Vikhr UAV;9000;;610;17;9000;24;;;;;300;;;;;;;;;;;;
;538;Missile AT KhBPLA UAV;;;;;;30;;;;;;;;;;;;;;;;;
;334;Missile Cruise Kh32;9000;;1190;;;;;;;;595;;;;;;;;;;;;
;293;Round 30 GAU8 A10C Mixed;1800;;;;;;;;;;;;;;;;;;;;;;
;301;Missile ARM AGM122 Plane;9000;;780;14;9000;;;;;;;;;;;;;;;;;;
;303;Missile Cruise AGM86;9000;;;32;;;;;;;;;;;;;;;;;;;
;57;Round 105 M102 (AC-130);9000;;;;;;;;;;;;;;;;;;;;;;
;307;Round 30 Bushmaster2  AC130 AP;3000;;;;;;;;;;;;;;;;;;;;;;
;74;Round 30 Bushmaster2  AC130 HE;3000;;;;;;;;;;;;;;;;;;;;;;
;744;Missile AT Griffin UAV AC-130;9000;;;32;9000;30;;;;;150;;;;;;;;;;;;
;55;Round 40 Bofors HEDP (AC-130);4000;;;;;;;;;;;;;;;;;;;;;;
;56;Round 25 GAU12 (AC-130);3000;;;;;;;;;;;;;;;;;;;;;;
;308;Missile AT Griffin HE;9000;;;30;9000;30;;;;;;;;;;;;;;;;;
;332;Round 30 GSh2_30 Su25 Mixed;1800;;;;;;;;;;;;;;;;;;;;;;
;337;Missile Cruise Kh101;9000;;200;47;;;;;;;;;;;;;;;;;;;
;338;Missile Cruise Kh555 cluster;9000;;;32;;;;;;;;;;;;;;;;;;;
;453;Missile Cruise Kh102 Nuke;9000;;;38;;;;;;;;;;;;;;;;;;;
;354;Missile AT AtakaM UAV;8000;;550;17;8000;24;;;;800;;;;;;;;;;;;;
;578;Missile AT KonkursM UAV;4000;;208;22;4000;30;;;;75;104;;;;;;;;;;;;
;339;Missile Cruise Kh55SM;9000;;;32;;;;;;;;;;;;;;;;;;;
;402;Missile AT Griffin UAV;9000;;;;9000;30;;;;;350;;;;;;;;;;;;
;441;Missile AGM Vikhr Plane;9000;;610;17;9000;24;;;;;;;;;;;;;;;;;
;920;Missile A2A R77 Plane UAV;;;;10;;;9000;;;;575;;9000;;;;;;;;;;
;921;Missile A2A R37 Plane UAV;;;2040;7;;;9000;;;;1020;;9000;;;;;;;;;;
;44;Missile AT Javelin;4000;;;29;;24;;760;760;;75;;;;;;;;;;;;
;95;Missile AT Konkurs;4000;;208;22;4000;24;;;;75;104;;;;;;;;;;;;
;102;Missile AT Metis;1000;;;10;1000;24;;460;460;40;71;;;;;;;;;;;;
;523;Missile AT MetisM;1500;;200;10;1500;24;;;;80;100;;;;;;;;;;;;
;345;Missile AT Dragon3;1500;;155;13;1500;24;;;;65;78;;;;;;;;;;;;
;485;Missile AT SpikeSR;1500;;;13;1500;24;;;;;71;;;;;;;;;;;;
;104;InfRocket 93 RPG7 HEAT PG7VL;300;;;;;24;;;;;;;;;;;;;;;;;
;736;InfRocket 70 RPG7 HEAT PG7VM;500;;;;;24;;;;;;;;;;;;;;;;;
;31;InfRocket 105 RPG7 HEAT PG7VR;;;;;;24;;;;;;;;;;;;;;;;;
;476;InfRocket 40 RPG7 HE OG7V;350;;;;;10;;;;;;;;;;7;;;;;;;
;109;InfRocket 73 RPG26 HEAT;250;;;;;24;;440;440;;;;;;;;;;;;;;
;377;InfRocket 73 RShG2 Thermobaric;350;;;;;35;;;;;;;;0.5;;;;;;;;;
;111;InfRocket 105 RPG27 HEAT;;;;;;24;;750;750;;;;;;;;;;;;;;
;115;InfRocket 125 RPG28 HEAT;300;;;;;24;;;;;;;;;;;;;;;;;
;112;InfRocket 105 RPG29 HEAT;500;;;;;24;;750;750;;;;;;;;;;;;;;
;735;InfRocket 64 RPG18 HEAT;;;;;;24;;;;;;;;;;;;;;;;;
;396;InfRocket 93 RPOM Thermobaric;300;;;;;45;;;;;;;;0.5;;;;;;;;;
;522;InfRocket 73 MROZ Incendiary;300;;;;;30;;;;;;;;;;;;;;;;;
;103;InfRocket 62 Bur Thermobaric;650;;;;;25;;;;;;;;;;;;;;;;;
;592;InfRocket 66 M72 HEAT;;;;;;24;;;;;;;;;;;;;;;;;
;86;InfRocket 84 AT4 HEAT;300;;;;;24;;;;;;;;;;;;;;;;;
;475;InfRocket 84 AT4 Tandem;300;;;;;24;;;;;;;;;;;;;;;;;
;33;InfRocket 84 CGM3 HEAT;700;;;;;24;;;;;;;;;;;;;;;;;
;344;InfRocket 84 CGM4 HEAT Tandem;500;;;;;24;;;;;;;;;;;;;;;;;
;42;InfRocket 84 SMAW HEAA;500;;;;;24;;;;;;;;;;;;;;;;;
;41;InfRocket 84 SMAW NE;;;;;;35;;;;;;;;0.5;;;;;;;;;
;128;InfRocket 84 M141 BDM HEDP ;300;;;;;20;;;;15;;;;0.5;;;;;;;;;
;593;InfRocket 90 C90CRBK ;350;;;;;20;;;;;;;;;;;;;;;;;
;595;InfRocket 82 B300 HE;400;;;;;20;;;;;;;;;;;;;;;;;
;462;Missile AA StingerF MANPAD;;;750;9;4800;;4800;;;160;375;;4800;;;;;;;;;;
;474;Missile AA StingerJ MANPAD;;;750;9;4800;;4800;;;160;375;;4800;;;;;;;;;;
;597;Missile AA Piorun;;;660;12;6500;;6500;;;400;330;;6500;;;;;;;;;;
;273;InfGrenade 25x40 XM25;500;;;;;5;;;;;;;;;;;;;;;;;
;21;InfGrenade 40x102 GP30;400;;;;;5;;;;10;;;;;;;;;;;;;
;486;InfGrenade 40x102 GP25 150m;400;;;;;5;;;;10;;;;;;;;;;;;;
;29;InfGrenade 40x46 (M203 M320);350;;;;;5;;;;14;;;;;;;;;;;;;
;470;InfGrenade 40x46 M32 150m;350;;;;;5;;;;14;;;;;;;;;;;;;
;622;InfGrenade 40x46 (M203 M320) 300;350;;;;;5;;;;14;;;;;;;;;;;;;
;117;InfGrenade 45 FG45 ;400;;;;;;;;;;;;;;;14;;;;;;;
;16;InfBullet 5.56x45 T1;500;;;;;;;;;;;;;;;;;;;;;;
;357;InfBullet 5.56x45 T2;500;;;;;;;;;;;;;;;;;;;;;;
;358;InfBullet 5.56x45 T3;500;;;;;;;;;;;;;;;;;;;;;;
;469;InfBullet 5.56x45 T3 CQC;300;;;;;;;;;;;;;;;;;;;;;;
;619;InfBullet 5.56x45 T3 M27;550;;;;;;;;;;;;;;;;;;;;;;
;371;InfBullet 5.56x45 DMR T3;700;;;;;;;;;;;;;;;;;;;;;;
;51;InfBullet 5.56x45 Autorifle T1;800;;;;;;;;;;;;;;;;;;;;;;
;360;InfBullet 5.56x45 Autorifle T2;700;;;;;;;;;;;;;;;;;;;;;;
;471;InfBullet 5.56x45 Autorifle T3 CQC;700;;;;;;;;;;;;;;;;;;;;;;
;368;InfBullet 5.56x45 Autorifle T3;800;;;;;;;;;;;;;;;;;;;;;;
;76;InfBullet 7.62x51 MG T2;800;;;;;;;;;;;;;;;;;;;;;;
;390;InfBullet 7.62x51 MG T3;800;;;;;;;;;;;;;;;;;;;;;;
;153;InfBullet 7.62x51 MG T1;600;;;;;;;;;;;;;;;;;;;;;;
;472;InfBullet 6.8x51 MG T2;610;;;;;;;;;;;;;;;;;;;;;;
;473;InfBullet 8.6x70 MG T3;1700;;;;;;;;;;;;;;;;;;;;;;
;40;InfBullet 7.62x51 DMR T1;800;;;;;;;;;;;;;;;;;;;;;;
;370;InfBullet 7.62x51 DMR T2;800;;;;;;;;;;;;;;;;;;;;;;
;391;InfBullet 7.62x51 DMR T3;800;;;;;;;;;;;;;;;;;;;;;;
;579;InfBullet 7.62x51 DMR T2 250m;800;;;;;;;;;;;;;;;;;;;;;;
;369;InfBullet 7.62x51 Sniper T2;1000;;;;;;;;;;;;;;;;;;;;;;
;388;InfBullet 7.62x67 Sniper T2 ;1200;;;;;;;;;;;;;;;;;;;;;;
;914;InfBullet 4Gauge SLUG KS23 T2 ;150;;;;;;;;;;;;;;;;;;;;;;
;488;InfBullet 12.7x108RU MG;2000;;;;;;;;;;;;;;;;;;;;;;
;724;InfBullet 12.7x108RU 6P62;1000;;;;;;;;;;;;;;;;;;;;;;
;30;InfBullet 5.45x39 T1;500;;;;;;;;;;;;;;;;;;;;;;
;361;InfBullet 5.45x39 T2;500;;;;;;;;;;;;;;;;;;;;;;
;364;InfBullet 5.45x39 T0;500;;;;;;;;;;;;;;;;;;;;;;
;366;InfBullet 5.45x39 T3;500;;;;;;;;;;;;;;;;;;;;;;
;568;InfBullet 5.45x39 AN94  AEK AK107 T3;500;;;;;;;;;;;;;;;;;;;;;;
;93;InfBullet 5.45x39 Autorifle T1;800;;;;;;;;;;;;;;;;;;;;;;
;434;InfBullet 5.45x39 Autorifle T2;800;;;;;;;;;;;;;;;;;;;;;;
;511;InfBullet 5.45x39 Autorifle T3 CQC;800;;;;;;;;;;;;;;;;;;;;;;
;907;InfBullet 5.45x39 DMR T2;800;;;;;;;;;;;;;;;;;;;;;;
;94;InfBullet 7.62x39 T1;300;;;;;;;;;;;;;;;;;;;;;;
;381;InfBullet 7.62x39 T2;400;;;;;;;;;;;;;;;;;;;;;;
;382;InfBullet 7.62x39 T3 CQC;400;;;;;;;;;;;;;;;;;;;;;;
;620;InfBullet 7.62x39 T3 AEK;400;;;;;;;;;;;;;;;;;;;;;;
;120;InfBullet 9x39 T3;400;;;;;;;;;;;;;;;;;;;;;;
;375;InfBullet 9x39 DMR T3 ;400;;;;;;;;;;;;;;;;;;;;;;
;116;InfBullet 12.7x55 T3;300;;;;;;;;;;;;;;;;;;;;;;
;122;InfBullet 12.7x55  Sniper T3;600;;;;;;;;;;;;;;;;;;;;;;
;75;InfBullet 7.62x54 MG T1;1000;;;;;;;;;;;;;;;;;;;;;;
;362;InfBullet 7.62x54 MG T2;1500;;;;;;;;;;;;;;;;;;;;;;
;386;InfBullet 7.62x54 MG T3;1500;;;;;;;;;;;;;;;;;;;;;;
;100;InfBullet 7.62x54 DMR T1;800;;;;;;;;;;;;;;;;;;;;;;
;372;InfBullet 7.62x54 DMR T2;800;;;;;;;;;;;;;;;;;;;;;;
;912;InfBullet 7.62x54 DMR T3 ;800;;;;;;;;;;;;;;;;;;;;;;
;342;InfBullet 9.3x64 DMR T3;600;;;;;;;;;;;;;;;;;;;;;;
;393;InfBullet 7.62x54 Sniper T2;1000;;;;;;;;;;;;;;;;;;;;;;
;101;InfBullet 8.6x70 Lapua Sniper RU T2;1500;;;;;;;;;;;;;;;;;;;;;;
OPTION_JAVELIN_ATTAQUE_TOIT;508;Missile AT JavelinLWCLU;;;;;;;;;;;;;;;;;;;;;;True;
OPTION_LEURRES_DEVIATION;462;Missile AA StingerF MANPAD;;;;;;;;;;;;;;;;;;;;;;;0
OPTION_LEURRES_DEVIATION;474;Missile AA StingerJ MANPAD;;;;;;;;;;;;;;;;;;;;;;;12
# OPTION_PORTEES_REELLES : vraies portées à l'échelle 1 (1 m réel = 1 m en jeu), plafonnées à 9 km (bord de la carte) : missiles air-air, air-sol et sol-air (Buk-M3, SM-6, ESSM, RBS-70, Grom), canons d'hélicoptères, d'avions et de bord, canons de 50-57 mm, obus guidés, roquettes et grenades d'infanterie, fusils et mitrailleuses. Portées minimales réelles des missiles et roquettes. Vitesses et durées de vol des missiles pour qu'ils atteignent cette portée. Identique pour les deux camps. Fichier généré.
OPTION_PORTEES_REELLES;398;Missile AA AIM9 Heli;;;850;13;;;9000;;;1000;;;9000;;;;;;;;;;;
OPTION_PORTEES_REELLES;734;Missile A2A R73 Heli;;;850;13;;;9000;;;300;;;9000;;;;;;;;;;;
OPTION_PORTEES_REELLES;59;Missile A2A AIM9 Plane;;;;;;;;;;1000;;;;;;;;;;;;;;
OPTION_PORTEES_REELLES;158;Missile A2A R73 Plane;;;;;;;;;;300;;;;;;;;;;;;;;
OPTION_PORTEES_REELLES;165;Missile A2A R60 Plane;;;;;;;;;;200;;;;;;;;;;;;;;
OPTION_PORTEES_REELLES;399;Missile AA R60 Heli;;;;;;;;;;200;;;;;;;;;;;;;;
OPTION_PORTEES_REELLES;309;Missile A2A R27T Plane ;;;1360;;;;;;;500;;;;;;;;;;;;;;
OPTION_PORTEES_REELLES;310;Missile A2A R27ET Plane;;;1360;;;;;;;500;;;;;;;;;;;;;;
OPTION_PORTEES_REELLES;311;Missile A2A R27ER Plane;;;1360;;;;;;;;;;;;;;;;;;;;;
OPTION_PORTEES_REELLES;538;Missile AT KhBPLA UAV;8000;;300;29;8000;;;;;2000;;;;;;;;;;;;;;
OPTION_PORTEES_REELLES;47;Missile AT Hellfire UAV;;;;;;;;;;500;;;;;;;;;;;;;;
OPTION_PORTEES_REELLES;13;Missile AT Hellfire Longbow;;;;;;;;;;500;;;;;;;;;;;;;;
OPTION_PORTEES_REELLES;164;Missile AT Hellfire;;;;;;;;;;500;;;;;;;;;;;;;;
OPTION_PORTEES_REELLES;456;Missile AT Hellfire JAGM;;;;;;;;;;500;;;;;;;;;;;;;;
OPTION_PORTEES_REELLES;91;Missile AGM Kh29ML Plane;;;350;24;;;;;;3000;;;;;;;;;;;;;;
OPTION_PORTEES_REELLES;539;Missile AGM Kh29L;;;611;;;;;;;3000;;;;;;;;;;;;;;
OPTION_PORTEES_REELLES;733;Missile AGM Kh25ML Heli;;;;;;;;;;200;;;;;;;;;;;;;;
OPTION_PORTEES_REELLES;270;Missile AT HermesA;9000;;1000;9;;;;;;;;;;;;;;;;;;;;
OPTION_PORTEES_REELLES;400;Missile ARM Kh31 Heli;9000;;;15;9000;;;;;;;;;;;;;;;;;;;
OPTION_PORTEES_REELLES;35;Missile Cruise TOMAHAWK;9000;;255;32;;;;;;;;;;;;;;;;;;;;
OPTION_PORTEES_REELLES;461;Missile Cruise Kh35U Helicopter;9000;;;32;;;;;;;;;;;;;;;;;;;;
OPTION_PORTEES_REELLES;902;Missile Cruise AGM-86B ALCM Nuke;9000;;;36;;;;;;;;;;;;;;;;;;;;
OPTION_PORTEES_REELLES;338;Missile Cruise Kh555 cluster;;;255;;;;;;;;;;;;;;;;;;;;;
OPTION_PORTEES_REELLES;339;Missile Cruise Kh55SM;;;255;;;;;;;;;;;;;;;;;;;;;
OPTION_PORTEES_REELLES;306;Bomb 93kg GBU53 SDBII AC130;9000;;;;;;;;;;;;;;;;;;;;;;;
OPTION_PORTEES_REELLES;705;Bomb 907kg GBU56 VFX;9000;;;;;;;;;;;;;;;;;;;;;;;
OPTION_PORTEES_REELLES;707;Bomb 454kg JSOW Smart Cluster VFX;9000;;;;;;;;;;;;;;;;;;;;;;;
OPTION_PORTEES_REELLES;753;Bomb 454kg JSOW Smart Cluster VFX;9000;;;;;;;;;;;;;;;;;;;;;;;
OPTION_PORTEES_REELLES;56;Round 25 GAU12 (AC-130);;;;;;;3000;;;;;;;;;;;;;;;;;
OPTION_PORTEES_REELLES;65;Shell 130 AK130 AAG;9000;;;;;;9000;;;;;;9000;;;;;;;;;;;
OPTION_PORTEES_REELLES;262;Round 20 M61 AAG CIWS HE;2000;;;;;;;;;;;;;;;;;;;;;;;
OPTION_PORTEES_REELLES;561;Round 20 M61 AAG CIWS Ship;2000;;;;;;2000;;;;;;2000;;;;;;;;;;;
OPTION_PORTEES_REELLES;292;Round 23x115 GSh23L Tailgun;;;;;;;2000;;;;;;2000;;;;;;;;;;;
OPTION_PORTEES_REELLES;350;Round 30 GSh30K AAG HE;1800;;;;;;1800;;;;;;1800;;;;;;;;;;;
OPTION_PORTEES_REELLES;454;Round 30 M230LF HEDP AAG;;;;;;;2000;;;;;;2000;;;;;;;;;;;
OPTION_PORTEES_REELLES;534;Round 30 AK630M HE;5000;;;;;;4000;;;;;;4000;;;;;;;;;;;
OPTION_PORTEES_REELLES;226;Missile AA BUK M3;;;1530;10;;;9000;;;;765;;9000;;;;;;;;;;;
OPTION_PORTEES_REELLES;447;Missile AA SM6;;;1190;10;9000;;9000;;;;595;;9000;;;;;;;;;;;
OPTION_PORTEES_REELLES;465;Missile AA AIM9 Ground;;;850;;;;;;;1000;425;;;;;;;;;;9000;;;
OPTION_PORTEES_REELLES;501;Missile AA 70 Hydra Fletcher;6000;;;;6000;;6000;;;1100;;;;;;;;;;;;;;
OPTION_PORTEES_REELLES;559;Missile AA RIM162 ESSM;;;1360;9;;;9000;;;;680;;9000;;;;;;;;;;;
OPTION_PORTEES_REELLES;573;Missile AA RBS70 Bolid Vehicles;;;680;12;8000;;8000;;;;340;;8000;;;;;;;;;;;
OPTION_PORTEES_REELLES;599;Missile AA RBS70 Bolid Infantry;;;680;12;8000;;8000;;;;340;;8000;;;;;;;;;;;
OPTION_PORTEES_REELLES;598;Missile AA Grom;;;650;9;;;5500;;;;325;;5500;;;;;;;;;;;
OPTION_PORTEES_REELLES;69;Missile AA OsaAKM;;;1020;;;;;;;;510;;;;;;;;;;;;;
OPTION_PORTEES_REELLES;452;Missile AA OsaAKM1;;;1020;;;;;;;;510;;;;;;;;;;;;;
OPTION_PORTEES_REELLES;263;Missile AA Patriot PAC3;;;1700;;;;;;;;850;;;;;;;;;;;;;
OPTION_PORTEES_REELLES;497;Missile AA Patriot PAC3MSE;;;1700;;;;;;;;850;;;;;;;;;;;;;
OPTION_PORTEES_REELLES;327;Rocket 70 Fletcher Inf;6000;;;;;;6000;;;1100;;;;;;;;;;;;;;
OPTION_PORTEES_REELLES;346;Missile AT Bulat;3500;;;25;3500;;;;;;;;;;;;;;;;;;;
OPTION_PORTEES_REELLES;144;Missile GLAT SokolV;5000;;850;6;;;;;;;425;;;;;;;;;;;;;
OPTION_PORTEES_REELLES;168;Missile GLAT Shillelagh;;;;;;;;;;730;;;;;;;;;;;;;;
OPTION_PORTEES_REELLES;514;Missile GLAT Sprinter;;;;;;;;;;50;;;;;;;;;;;;;;
OPTION_PORTEES_REELLES;596;Missile AT MilanER;;;;;;;;;;200;;;;;;;;;;;;;;
OPTION_PORTEES_REELLES;726;Rocket 80 S8L Pod;;;;;;;;;;1300;;;;;;;;;;;;;;
OPTION_PORTEES_REELLES;44;Missile AT Javelin;;;140;;;;;;;65;70;;;;;;;;;;;;;
OPTION_PORTEES_REELLES;508;Missile AT JavelinLWCLU;;;140;26;;;;;;;70;;;;;;;;;;;;;
OPTION_PORTEES_REELLES;549;Missile AT Spike LR;;;180;;;;;;;200;90;;;;;;;;;;;;;
OPTION_PORTEES_REELLES;166;Missile AA Hellfire SHORAD;;;;;;;;;;500;;;;;;;;;;;;;;
OPTION_PORTEES_REELLES;102;Missile AT Metis;;;200;;;;;;;;100;;;;;;;;;;;;;
OPTION_PORTEES_REELLES;352;Missile AT Kornet UAV;;;250;;;;;;;;;;;;;;;;;;;;;
OPTION_PORTEES_REELLES;458;Missile AT TOW BunkerBuster HE;;;188;;;;;;;;;;;;;;;;;;;;;
OPTION_PORTEES_REELLES;58;Round 20 M197 Mixed T2;1500;;;;;;1500;;;;;;;;;;;;;;;;;
OPTION_PORTEES_REELLES;457;Round 20 XM301 Mixed T2;1500;;;;;;1500;;;;;;;;;;;;;;;;;
OPTION_PORTEES_REELLES;78;Round 30 GSh30K Mixed;1800;;;;;;1800;;;;;;;;;;;;;;;;;
OPTION_PORTEES_REELLES;79;Round 23x115 GSh23L Mixed;2000;;;;;;2000;;;;;;;;;;;;;;;;;
OPTION_PORTEES_REELLES;10;Round 30 M230 HEDP Heli T3;;;;;;;2000;;;;;;;;;;;;;;;;;
OPTION_PORTEES_REELLES;146;Round 25 GAU12 AV8B;;;;;;;800;;;;;;800;;;;;;;;;;;
OPTION_PORTEES_REELLES;293;Round 30 GAU8 A10C Mixed;;;;;;;800;;;;;;800;;;;;;;;;;;
OPTION_PORTEES_REELLES;295;Round 20 M61 HE Planes;;;;;;;800;;;;;;800;;;;;;;;;;;
OPTION_PORTEES_REELLES;305;Round 25 GAU22 F35;;;;;;;800;;;;;;800;;;;;;;;;;;
OPTION_PORTEES_REELLES;330;Round 23x115 GSh6_23 Mixed;;;;;;;800;;;;;;800;;;;;;;;;;;
OPTION_PORTEES_REELLES;332;Round 30 GSh2_30 Su25 Mixed;;;;;;;800;;;;;;800;;;;;;;;;;;
OPTION_PORTEES_REELLES;333;Round 23x115 GSh23L Planes Mixed;;;;;;;800;;;;;;800;;;;;;;;;;;
OPTION_PORTEES_REELLES;55;Round 40 Bofors HEDP (AC-130);;;;;;;4000;;;;;;;;;;;;;;;;;
OPTION_PORTEES_REELLES;74;Round 30 Bushmaster2  AC130 HE;;;;;;;3000;;;;;;;;;;;;;;;;;
OPTION_PORTEES_REELLES;36;Round 30 M230LF HEDP;;;;;;;2500;;;;;;;;;;;;;;;;;
OPTION_PORTEES_REELLES;567;Round 30 Rarden HE;;;;;;;2000;;;;;;;;;;;;;;;;;
OPTION_PORTEES_REELLES;161;Round 23x115 KPVB Mixed;2200;;;;;;;;;;;;;;;;;;;;;;;
OPTION_PORTEES_REELLES;198;Round 57 LShO57 AP;2000;;;;;;;;;;;;;;;;;;;;;;;
OPTION_PORTEES_REELLES;199;Round 57 LShO57 HE;4000;;;;;;;;;;;;;;;;;;;;;;;
OPTION_PORTEES_REELLES;221;Round 57 AU220 AP T2.5;3000;;;;;;;;;;;;;;;;;;;;;;;
OPTION_PORTEES_REELLES;222;Round 57 AU220 HE T2.5;4000;;;;;;4000;;;;;;;;;;;;;;;;;
OPTION_PORTEES_REELLES;506;Round 50 BushmasterV AP T3;4200;;;;;;;;;;;;;;;;;;;;;;;
OPTION_PORTEES_REELLES;507;Round 50 BushmasterV HE T3;4200;;;;;;4200;;;;;;;;;;;;;;;;;
OPTION_PORTEES_REELLES;259;Round 120 M256 HE M1A1FEP T2.5;5000;;;;;;;;;;;;;;;;;;;;;;;
OPTION_PORTEES_REELLES;500;Round 100 MT12 HE T1;4000;;;;;;;;;;;;;;;;;;;;;;;
OPTION_PORTEES_REELLES;575;Round 120 Leo2A7 AP;3000;;;;;;;;;;;;;;;;;;;;;;;
OPTION_PORTEES_REELLES;408;Round 122 2A31 Gvozdika HEAT T1;2000;;;;;;;;;;;;;;;;;;;;;;;
OPTION_PORTEES_REELLES;380;Bullet 12.7x108RU Minigun;1800;;;;;;;;;;;;;;;;;;;;;;;
OPTION_PORTEES_REELLES;384;InfBullet 12.7x108 Sniper T1;1500;;;;;;;;;;;;;;;;;;;;;;;
OPTION_PORTEES_REELLES;387;InfBullet 12.7x99 Sniper T3;1830;;;;;;;;;;;;;;;;;;;;;;;
OPTION_PORTEES_REELLES;135;Round 82 HEAT;1000;;;;;;;;;;;;;;;;;;;;;;;
OPTION_PORTEES_REELLES;466;MLRS 345 CATFAE Thermobaric;400;;;;;;;;;100;;;;;;;;;;;;;;
OPTION_PORTEES_REELLES;558;Obus Unkown UR77;500;;;3;;;;;;;;;;;;;;;;;;;;
OPTION_PORTEES_REELLES;424;Shell 155 M284 M109A6 HE Guided;9000;;;;;;;;;;;;;;;;;;;;;;;
OPTION_PORTEES_REELLES;446;Shell 127 Mark45 HE;9000;;;;;;;;;;;;;;;;;;;;;;;
OPTION_PORTEES_REELLES;448;Shell 127 Mark45 AA;9000;;;;;;9000;;;;;;9000;;;;;;;;;;;
OPTION_PORTEES_REELLES;489;Shell 152 2A37 M1 HE ;9000;;;;;;;;;;;;;;;;;;;;;;;
OPTION_PORTEES_REELLES;718;Shell 152 2A37 M1 HE Guided;9000;;;;;;;;;;;;;;;;;;;;;;;
OPTION_PORTEES_REELLES;535;MLRS 140 A22 Ogon HE ;4500;;;;;;;;;;;;;;;;;;;;;;;
OPTION_PORTEES_REELLES;545;Rocket 70 Hydra LAVAD;8000;;;;;;;;;500;;;;;;;;;;;;;;
OPTION_PORTEES_REELLES;580;Rocket 127 Zuni Pod;;;;;;;;;;500;;;;;;;;;;;;;;
OPTION_PORTEES_REELLES;725;Rocket 80 S8 Gadyuka;;;;;;;;;;1300;;;;;;;;;;;;;;
OPTION_PORTEES_REELLES;392;InfRocket 140 SRAW HE;600;;;;;;;;;17;;;;;;;;;;;;;;
OPTION_PORTEES_REELLES;492;InfRocket 84 CGM3 HE;1000;;;;;;;;;20;;;;;;;;;;;;;;
OPTION_PORTEES_REELLES;594;InfRocket 84 CGM2 HEAT;700;;;;;;;;;;;;;;;;;;;;;;;
OPTION_PORTEES_REELLES;509;InfRocket 58 RPG16 HEAT ;300;;;;;;;;;;;;;;;;;;;;;;;
OPTION_PORTEES_REELLES;524;InfRocket 105 RShG1 Thermobaric ;150;;;;;;;;;;;;;;;;;;;;;;;
OPTION_PORTEES_REELLES;735;InfRocket 64 RPG18 HEAT;150;;;;;;;;;;;;;;;;;;;;;;;
OPTION_PORTEES_REELLES;905;InfRocket 105 RPG32 HEAT;350;;;;;;;;;;;;;;;;;;;;;;;
OPTION_PORTEES_REELLES;906;InfRocket 93 RPG7 Thermobaric TBG7L;200;;;;;;;;;;;;;;;;;;;;;;;
OPTION_PORTEES_REELLES;529;InfGrenade 40x46 225m;350;;;;;;;;;14;;;;;;;;;;;;;;
OPTION_PORTEES_REELLES;762;InfGrenade 25x? TKB0257;500;;;;;;;;;;;;;;;;;;;;;;;
OPTION_PORTEES_REELLES;915;InfGrenade 30x29 TKB Arbalet;400;;;;;;;;;;;;;;;;;;;;;;;
OPTION_PORTEES_REELLES;911;InfGrenade 43x30 GM94 (Thermobaric);;;;;;;;;;10;;;;;;;;;;;;;;
OPTION_PORTEES_REELLES;550;InfRocket 66 M202Flash Incendiary;;;;;;;;;;20;;;;;;;;;;;;;;
OPTION_PORTEES_REELLES;108;InfRocket 93 RPO Thermobaric;;;;;;;;;;20;;;;;;;;;;;;;;
OPTION_PORTEES_REELLES;50;Grenade 40x53 NATO (Mk19);;;;;;;;;;28;;;;;;;;;;;;;;
OPTION_PORTEES_REELLES;279;Grenade 40x53 NATO Mk47;;;;;;;;;;28;;;;;;;;;;;;;;
OPTION_PORTEES_REELLES;99;Grenade 30x29 AGS17/30;;;;;;;;;;30;;;;;;;;;;;;;;
OPTION_PORTEES_REELLES;118;Grenade 40 AGS40;;;;;;;;;;30;;;;;;;;;;;;;;
OPTION_PORTEES_REELLES;39;InfBullet 5.56x45 DMR T2;700;;;;;;;;;;;;;;;;;;;;;;;
OPTION_PORTEES_REELLES;129;InfBullet 6.8x51 T2;600;;;;;;;;;;;;;;;;;;;;;;;
OPTION_PORTEES_REELLES;143;InfBullet 5.56x45 T2 CQC;300;;;;;;;;;;;;;;;;;;;;;;;
OPTION_PORTEES_REELLES;527;InfBullet 6.5x48 T3;600;;;;;;;;;;;;;;;;;;;;;;;
OPTION_PORTEES_REELLES;274;InfBullet 7.62x51 T1;400;;;;;;;;;;;;;;;;;;;;;;;
OPTION_PORTEES_REELLES;614;InfBullet 7.62x51 T1 450;400;;;;;;;;;;;;;;;;;;;;;;;
OPTION_PORTEES_REELLES;376;InfBullet 7.62x51 T3;600;;;;;;;;;;;;;;;;;;;;;;;
OPTION_PORTEES_REELLES;373;InfBullet 5.45x39 Autorifle T3;800;;;;;;;;;;;;;;;;;;;;;;;
OPTION_PORTEES_REELLES;510;InfBullet 5.45x39 Autorifle T2 CQC;800;;;;;;;;;;;;;;;;;;;;;;;
OPTION_PORTEES_REELLES;913;InfBullet 7.62x39 Autorifle T3 CQC;600;;;;;;;;;;;;;;;;;;;;;;;
OPTION_PORTEES_REELLES;904;InfBullet 6.02x41 T3;600;;;;;;;;;;;;;;;;;;;;;;;
OPTION_PORTEES_REELLES;394;InfBullet 7.62x54 DMR T3 CQC;800;;;;;;;;;;;;;;;;;;;;;;;
OPTION_PORTEES_REELLES;526;InfBullet 6.5x48 DMR T3;1000;;;;;;;;;;;;;;;;;;;;;;;
OPTION_PORTEES_REELLES;732;InfBullet 8.6x70  DMR T3;1200;;;;;;;;;;;;;;;;;;;;;;;
OPTION_PORTEES_REELLES;343;InfBullet 7.62x51 Sniper T1;1000;;;;;;;;;;;;;;;;;;;;;;;
OPTION_PORTEES_REELLES;383;InfBullet 7.62x51 (308W) Sniper T3;1000;;;;;;;;;;;;;;;;;;;;;;;
OPTION_PORTEES_REELLES;916;InfBullet 7.62x54 Sniper T3;1000;;;;;;;;;;;;;;;;;;;;;;;
OPTION_PORTEES_REELLES;385;InfBullet 10.3x77 CheyTac Sniper T3;2000;;;;;;;;;;;;;;;;;;;;;;;
OPTION_PORTEES_REELLES;389;InfBullet 8.6x70 Lapua Sniper US T2;1500;;;;;;;;;;;;;;;;;;;;;;;
OPTION_PORTEES_REELLES;365;InfBullet 7.62x54 MG T0;1000;;;;;;;;;;;;;;;;;;;;;;;
OPTION_PORTEES_REELLES;480;InfBullet 7.62x54 MG T3 CQC;1500;;;;;;;;;;;;;;;;;;;;;;;
OPTION_PORTEES_REELLES;528;InfBullet 6.5x48 MG T3;800;;;;;;;;;;;;;;;;;;;;;;;
OPTION_PORTEES_REELLES;621;InfBullet 7.62x51 MG T3 CQC;800;;;;;;;;;;;;;;;;;;;;;;;
OPTION_TIR_ANTIHELICO_COURT;16;InfBullet 5.56x45 T1;;;;;;;400;;;;;;;;;;;;;;;;
OPTION_TIR_ANTIHELICO_COURT;30;InfBullet 5.45x39 T1;;;;;;;400;;;;;;;;;;;;;;;;
OPTION_TIR_ANTIHELICO_COURT;51;InfBullet 5.56x45 Autorifle T1;;;;;;;400;;;;;;;;;;;;;;;;
OPTION_TIR_ANTIHELICO_COURT;93;InfBullet 5.45x39 Autorifle T1;;;;;;;400;;;;;;;;;;;;;;;;
OPTION_TIR_ANTIHELICO_COURT;94;InfBullet 7.62x39 T1;;;;;;;300;;;;;;;;;;;;;;;;
OPTION_TIR_ANTIHELICO_COURT;116;InfBullet 12.7x55 T3;;;;;;;300;;;;;;;;;;;;;;;;
OPTION_TIR_ANTIHELICO_COURT;120;InfBullet 9x39 T3;;;;;;;400;;;;;;;;;;;;;;;;
OPTION_TIR_ANTIHELICO_COURT;143;InfBullet 5.56x45 T2 CQC;;;;;;;300;;;;;;;;;;;;;;;;
OPTION_TIR_ANTIHELICO_COURT;341;InfBullet 9x19 T3;;;;;;;200;;;;;;;;;;;;;;;;
OPTION_TIR_ANTIHELICO_COURT;357;InfBullet 5.56x45 T2;;;;;;;400;;;;;;;;;;;;;;;;
OPTION_TIR_ANTIHELICO_COURT;358;InfBullet 5.56x45 T3;;;;;;;400;;;;;;;;;;;;;;;;
OPTION_TIR_ANTIHELICO_COURT;360;InfBullet 5.56x45 Autorifle T2;;;;;;;400;;;;;;;;;;;;;;;;
OPTION_TIR_ANTIHELICO_COURT;361;InfBullet 5.45x39 T2;;;;;;;400;;;;;;;;;;;;;;;;
OPTION_TIR_ANTIHELICO_COURT;364;InfBullet 5.45x39 T0;;;;;;;400;;;;;;;;;;;;;;;;
OPTION_TIR_ANTIHELICO_COURT;366;InfBullet 5.45x39 T3;;;;;;;400;;;;;;;;;;;;;;;;
OPTION_TIR_ANTIHELICO_COURT;368;InfBullet 5.56x45 Autorifle T3;;;;;;;400;;;;;;;;;;;;;;;;
OPTION_TIR_ANTIHELICO_COURT;373;InfBullet 5.45x39 Autorifle T3;;;;;;;400;;;;;;;;;;;;;;;;
OPTION_TIR_ANTIHELICO_COURT;381;InfBullet 7.62x39 T2;;;;;;;400;;;;;;;;;;;;;;;;
OPTION_TIR_ANTIHELICO_COURT;382;InfBullet 7.62x39 T3 CQC;;;;;;;400;;;;;;;;;;;;;;;;
OPTION_TIR_ANTIHELICO_COURT;434;InfBullet 5.45x39 Autorifle T2;;;;;;;400;;;;;;;;;;;;;;;;
OPTION_TIR_ANTIHELICO_COURT;469;InfBullet 5.56x45 T3 CQC;;;;;;;300;;;;;;;;;;;;;;;;
OPTION_TIR_ANTIHELICO_COURT;471;InfBullet 5.56x45 Autorifle T3 CQC;;;;;;;400;;;;;;;;;;;;;;;;
OPTION_TIR_ANTIHELICO_COURT;510;InfBullet 5.45x39 Autorifle T2 CQC;;;;;;;400;;;;;;;;;;;;;;;;
OPTION_TIR_ANTIHELICO_COURT;511;InfBullet 5.45x39 Autorifle T3 CQC;;;;;;;400;;;;;;;;;;;;;;;;
OPTION_TIR_ANTIHELICO_COURT;568;InfBullet 5.45x39 AN94  AEK AK107 T3;;;;;;;400;;;;;;;;;;;;;;;;
OPTION_TIR_ANTIHELICO_COURT;619;InfBullet 5.56x45 T3 M27;;;;;;;400;;;;;;;;;;;;;;;;
OPTION_TIR_ANTIHELICO_COURT;620;InfBullet 7.62x39 T3 AEK;;;;;;;400;;;;;;;;;;;;;;;;
OPTION_TIR_ANTIHELICO_COURT;724;InfBullet 12.7x108RU 6P62;;;;;;;400;;;;;;;;;;;;;;;;
OPTION_TIR_ANTIHELICO_COURT;904;InfBullet 6.02x41 T3;;;;;;;400;;;;;;;;;;;;;;;;
OPTION_TIR_ANTIHELICO_COURT;913;InfBullet 7.62x39 Autorifle T3 CQC;;;;;;;400;;;;;;;;;;;;;;;;
OPTION_TIR_ANTIHELICO_COURT;43;InfBullet 12Gauge SLUG T1;;;;;;;100;;;;;;;;;;;;;;;;
OPTION_TIR_ANTIHELICO_COURT;359;InfBullet 12Gauge SLUG T2;;;;;;;100;;;;;;;;;;;;;;;;
OPTION_TIR_ANTIHELICO_COURT;363;InfBullet 12Gauge SLUG Saiga T2 ;;;;;;;100;;;;;;;;;;;;;;;;
OPTION_TIR_ANTIHELICO_COURT;914;InfBullet 4Gauge SLUG KS23 T2 ;;;;;;;150;;;;;;;;;;;;;;;;
OPTION_TIR_ANTIHELICO_COURT;39;InfBullet 5.56x45 DMR T2;;;;;;;500;;;;;;;;;;;;;;;;
OPTION_TIR_ANTIHELICO_COURT;40;InfBullet 7.62x51 DMR T1;;;;;;;500;;;;;;;;;;;;;;;;
OPTION_TIR_ANTIHELICO_COURT;100;InfBullet 7.62x54 DMR T1;;;;;;;500;;;;;;;;;;;;;;;;
OPTION_TIR_ANTIHELICO_COURT;101;InfBullet 8.6x70 Lapua Sniper RU T2;;;;;;;500;;;;;;;;;;;;;;;;
OPTION_TIR_ANTIHELICO_COURT;122;InfBullet 12.7x55  Sniper T3;;;;;;;500;;;;;;;;;;;;;;;;
OPTION_TIR_ANTIHELICO_COURT;129;InfBullet 6.8x51 T2;;;;;;;500;;;;;;;;;;;;;;;;
OPTION_TIR_ANTIHELICO_COURT;274;InfBullet 7.62x51 T1;;;;;;;400;;;;;;;;;;;;;;;;
OPTION_TIR_ANTIHELICO_COURT;275;InfBullet 12.7x99 Sniper T1;;;;;;;500;;;;;;;;;;;;;;;;
OPTION_TIR_ANTIHELICO_COURT;342;InfBullet 9.3x64 DMR T3;;;;;;;500;;;;;;;;;;;;;;;;
OPTION_TIR_ANTIHELICO_COURT;343;InfBullet 7.62x51 Sniper T1;;;;;;;500;;;;;;;;;;;;;;;;
OPTION_TIR_ANTIHELICO_COURT;369;InfBullet 7.62x51 Sniper T2;;;;;;;500;;;;;;;;;;;;;;;;
OPTION_TIR_ANTIHELICO_COURT;370;InfBullet 7.62x51 DMR T2;;;;;;;500;;;;;;;;;;;;;;;;
OPTION_TIR_ANTIHELICO_COURT;371;InfBullet 5.56x45 DMR T3;;;;;;;500;;;;;;;;;;;;;;;;
OPTION_TIR_ANTIHELICO_COURT;372;InfBullet 7.62x54 DMR T2;;;;;;;500;;;;;;;;;;;;;;;;
OPTION_TIR_ANTIHELICO_COURT;375;InfBullet 9x39 DMR T3 ;;;;;;;400;;;;;;;;;;;;;;;;
OPTION_TIR_ANTIHELICO_COURT;376;InfBullet 7.62x51 T3;;;;;;;500;;;;;;;;;;;;;;;;
OPTION_TIR_ANTIHELICO_COURT;383;InfBullet 7.62x51 (308W) Sniper T3;;;;;;;500;;;;;;;;;;;;;;;;
OPTION_TIR_ANTIHELICO_COURT;384;InfBullet 12.7x108 Sniper T1;;;;;;;500;;;;;;;;;;;;;;;;
OPTION_TIR_ANTIHELICO_COURT;385;InfBullet 10.3x77 CheyTac Sniper T3;;;;;;;500;;;;;;;;;;;;;;;;
OPTION_TIR_ANTIHELICO_COURT;387;InfBullet 12.7x99 Sniper T3;;;;;;;500;;;;;;;;;;;;;;;;
OPTION_TIR_ANTIHELICO_COURT;388;InfBullet 7.62x67 Sniper T2 ;;;;;;;500;;;;;;;;;;;;;;;;
OPTION_TIR_ANTIHELICO_COURT;389;InfBullet 8.6x70 Lapua Sniper US T2;;;;;;;500;;;;;;;;;;;;;;;;
OPTION_TIR_ANTIHELICO_COURT;391;InfBullet 7.62x51 DMR T3;;;;;;;500;;;;;;;;;;;;;;;;
OPTION_TIR_ANTIHELICO_COURT;393;InfBullet 7.62x54 Sniper T2;;;;;;;500;;;;;;;;;;;;;;;;
OPTION_TIR_ANTIHELICO_COURT;394;InfBullet 7.62x54 DMR T3 CQC;;;;;;;500;;;;;;;;;;;;;;;;
OPTION_TIR_ANTIHELICO_COURT;526;InfBullet 6.5x48 DMR T3;;;;;;;500;;;;;;;;;;;;;;;;
OPTION_TIR_ANTIHELICO_COURT;527;InfBullet 6.5x48 T3;;;;;;;500;;;;;;;;;;;;;;;;
OPTION_TIR_ANTIHELICO_COURT;579;InfBullet 7.62x51 DMR T2 250m;;;;;;;500;;;;;;;;;;;;;;;;
OPTION_TIR_ANTIHELICO_COURT;614;InfBullet 7.62x51 T1 450;;;;;;;400;;;;;;;;;;;;;;;;
OPTION_TIR_ANTIHELICO_COURT;732;InfBullet 8.6x70  DMR T3;;;;;;;500;;;;;;;;;;;;;;;;
OPTION_TIR_ANTIHELICO_COURT;907;InfBullet 5.45x39 DMR T2;;;;;;;500;;;;;;;;;;;;;;;;
OPTION_TIR_ANTIHELICO_COURT;912;InfBullet 7.62x54 DMR T3 ;;;;;;;500;;;;;;;;;;;;;;;;
OPTION_TIR_ANTIHELICO_COURT;916;InfBullet 7.62x54 Sniper T3;;;;;;;500;;;;;;;;;;;;;;;;
OPTION_TIR_ANTIHELICO_COURT;9;Bullet 7.62x54 MG Vehicles;;;;;;;800;;;;;;;;;;;;;;;;
OPTION_TIR_ANTIHELICO_COURT;27;Bullet 7.62x51 MG ;;;;;;;800;;;;;;;;;;;;;;;;
OPTION_TIR_ANTIHELICO_COURT;75;InfBullet 7.62x54 MG T1;;;;;;;600;;;;;;;;;;;;;;;;
OPTION_TIR_ANTIHELICO_COURT;76;InfBullet 7.62x51 MG T2;;;;;;;800;;;;;;;;;;;;;;;;
OPTION_TIR_ANTIHELICO_COURT;153;InfBullet 7.62x51 MG T1;;;;;;;600;;;;;;;;;;;;;;;;
OPTION_TIR_ANTIHELICO_COURT;155;Bullet 7.62x51 Minigun;;;;;;;800;;;;;;;;;;;;;;;;
OPTION_TIR_ANTIHELICO_COURT;156;Bullet 7.62x54 Minigun;;;;;;;800;;;;;;;;;;;;;;;;
OPTION_TIR_ANTIHELICO_COURT;362;InfBullet 7.62x54 MG T2;;;;;;;800;;;;;;;;;;;;;;;;
OPTION_TIR_ANTIHELICO_COURT;365;InfBullet 7.62x54 MG T0;;;;;;;600;;;;;;;;;;;;;;;;
OPTION_TIR_ANTIHELICO_COURT;386;InfBullet 7.62x54 MG T3;;;;;;;800;;;;;;;;;;;;;;;;
OPTION_TIR_ANTIHELICO_COURT;390;InfBullet 7.62x51 MG T3;;;;;;;800;;;;;;;;;;;;;;;;
OPTION_TIR_ANTIHELICO_COURT;472;InfBullet 6.8x51 MG T2;;;;;;;610;;;;;;;;;;;;;;;;
OPTION_TIR_ANTIHELICO_COURT;473;InfBullet 8.6x70 MG T3;;;;;;;800;;;;;;;;;;;;;;;;
OPTION_TIR_ANTIHELICO_COURT;480;InfBullet 7.62x54 MG T3 CQC;;;;;;;800;;;;;;;;;;;;;;;;
OPTION_TIR_ANTIHELICO_COURT;528;InfBullet 6.5x48 MG T3;;;;;;;800;;;;;;;;;;;;;;;;
OPTION_TIR_ANTIHELICO_COURT;621;InfBullet 7.62x51 MG T3 CQC;;;;;;;800;;;;;;;;;;;;;;;;
OPTION_TIR_ANTIHELICO_COURT;19;Bullet 12.7x99;;;;;;;1000;;;;;;;;;;;;;;;;
OPTION_TIR_ANTIHELICO_COURT;280;Bullet 12.7x99 Minigun;;;;;;;1000;;;;;;;;;;;;;;;;
OPTION_TIR_ANTIHELICO_COURT;488;InfBullet 12.7x108RU MG;;;;;;;1000;;;;;;;;;;;;;;;;
OPTION_TIR_ANTIHELICO_COURT;70;Bullet 12.7x108RU;;;;;;;1000;;;;;;;;;;;;;;;;
OPTION_TIR_ANTIHELICO_COURT;163;Bullet 14.5 ;;;;;;;1200;;;;;;;;;;;;;;;;
OPTION_TIR_ANTIHELICO_COURT;176;Round 23x115 AP23 Mixed;;;;;;;1500;;;;;;;;;;;;;;;;
OPTION_TIR_ANTIHELICO_COURT;204;Round 30 2A42 T1 HE;;;;;;;2000;;;;;;;;;;;;;;;;
OPTION_TIR_ANTIHELICO_COURT;205;Round 30 2A42 T2 HE;;;;;;;2000;;;;;;;;;;;;;;;;
OPTION_TIR_ANTIHELICO_COURT;207;Round 30 2A72 T1 HE;;;;;;;2000;;;;;;;;;;;;;;;;
OPTION_TIR_ANTIHELICO_COURT;210;Round 30 2A42 T3 HE;;;;;;;2000;;;;;;;;;;;;;;;;
OPTION_TIR_ANTIHELICO_COURT;177;Round 30 2A72 T2 HE;;;;;;;2000;;;;;;;;;;;;;;;;
OPTION_TIR_ANTIHELICO_COURT;196;Round 30 2A72 T3 HE;;;;;;;2000;;;;;;;;;;;;;;;;
OPTION_TIR_ANTIHELICO_COURT;546;Round 30 2A42 T3 HE BMPT;;;;;;;2000;;;;;;;;;;;;;;;;
OPTION_TIR_ANTIHELICO_COURT;26;Round 25 Bushmaster T2 HE;;;;;;;2000;;;;;;;;;;;;;;;;
OPTION_TIR_ANTIHELICO_COURT;277;Round 25 Bushmaster T3 HE;;;;;;;2000;;;;;;;;;;;;;;;;
OPTION_TIR_ANTIHELICO_COURT;53;Round 30 Bushmaster2 HE T3;;;;;;;2000;;;;;;;;;;;;;;;;
OPTION_TIR_ANTIHELICO_COURT;36;Round 30 M230LF HEDP;;;;;;;2000;;;;;;;;;;;;;;;;
OPTION_TIR_ANTIHELICO_COURT;567;Round 30 Rarden HE;;;;;;;2000;;;;;;;;;;;;;;;;
OPTION_TIR_ANTIHELICO_COURT;570;Round 35 Bushmaster3 HE T3;;;;;;;2500;;;;;;;;;;;;;;;;
OPTION_TIR_ANTIHELICO_COURT;267;Round 57 2A91 Barbaris HE T3;;;;;;;3000;;;;;;;;;;;;;;;;
OPTION_TIR_ANTIHELICO_COURT;222;Round 57 AU220 HE T2.5;;;;;;;3000;;;;;;;;;;;;;;;;;
OPTION_TIR_ANTIHELICO_COURT;507;Round 50 BushmasterV HE T3;;;;;;;3000;;;;;;;;;;;;;;;;;
# OPTION_DEGATS_CALIBRE : dégâts selon le calibre. 12,7 mm 2 ; 14,5 mm 2,75 ; canons de 20-23 mm 3, 25 mm 3,5, 30 mm 4, 35 mm 4,5, 40 mm 5, 50 mm 5,5, 57 mm 6 ; canons de char 120/125 mm 17, 100-115 mm 15 ; obus HEDP de 30x113 : pénétration 80. Identique pour les deux camps. Fichier généré.
OPTION_DEGATS_CALIBRE;1;Round 120 M256 AP M1A2C T3;;;;;;17;;;;;;;;;;;;;;;;;
OPTION_DEGATS_CALIBRE;2;Round 120 M256 HEAT M1A2C T3;;;;;;17;;;;;;;;;;;;;;;;;
OPTION_DEGATS_CALIBRE;3;Round 30 2A72 T2 AP;;;;;;4;;;;;;;;;;;;;;;;;
OPTION_DEGATS_CALIBRE;10;Round 30 M230 HEDP Heli T3;;;;;;4;;80;80;;;;;;;;;;;;;;
OPTION_DEGATS_CALIBRE;11;Round 125 2A46M AP T72B T72A T1;;;;;;17;;;;;;;;;;;;;;;;;
OPTION_DEGATS_CALIBRE;12;Round 105 M68 XM35 AP T2;;;;;;15;;;;;;;;;;;;;;;;;
OPTION_DEGATS_CALIBRE;19;Bullet 12.7x99;;;;;;2;;;;;;;;;;;;;;;;;
OPTION_DEGATS_CALIBRE;22;Round 30 Bushmaster2 AP T3;;;;;;4;;;;;;;;;;;;;;;;;
OPTION_DEGATS_CALIBRE;23;Round 105 M68 AP T1;;;;;;15;;;;;;;;;;;;;;;;;
OPTION_DEGATS_CALIBRE;25;Round 25 Bushmaster T2 AP ;;;;;;3.5;;;;;;;;;;;;;;;;;
OPTION_DEGATS_CALIBRE;26;Round 25 Bushmaster T2 HE;;;;;;3.5;;;;;;;;;;;;;;;;;
OPTION_DEGATS_CALIBRE;32;Round 25 GAU12 AAG HE;;;;;;3.5;;;;;;;;;;;;;;;;;
OPTION_DEGATS_CALIBRE;36;Round 30 M230LF HEDP;;;;;;4;;80;80;;;;;;;;;;;;;;
OPTION_DEGATS_CALIBRE;48;Round 125 2A82 AP T3;;;;;;17;;;;;;;;;;;;;;;;;
OPTION_DEGATS_CALIBRE;53;Round 30 Bushmaster2 HE T3;;;;;;4;;;;;;;;;;;;;;;;;
OPTION_DEGATS_CALIBRE;55;Round 40 Bofors HEDP (AC-130);;;;;;5;;;;;;;;;;;;;;;;;
OPTION_DEGATS_CALIBRE;56;Round 25 GAU12 (AC-130);;;;;;3.5;;;;;;;;;;;;;;;;;
OPTION_DEGATS_CALIBRE;58;Round 20 M197 Mixed T2;;;;;;3;;;;;;;;;;;;;;;;;
OPTION_DEGATS_CALIBRE;60;Round 30 2A38 Pantsir AAG HE T3;;;;;;4;;;;;;;;;;;;;;;;;
OPTION_DEGATS_CALIBRE;62;Round 20 M61 AAG HE;;;;;;3;;;;;;;;;;;;;;;;;
OPTION_DEGATS_CALIBRE;70;Bullet 12.7x108RU;;;;;;2;;;;;;;;;;;;;;;;;
OPTION_DEGATS_CALIBRE;74;Round 30 Bushmaster2  AC130 HE;;;;;;4;;;;;;;;;;;;;;;;;
OPTION_DEGATS_CALIBRE;78;Round 30 GSh30K Mixed;;;;;;4;;;;;;;;;;;;;;;;;
OPTION_DEGATS_CALIBRE;79;Round 23x115 GSh23L Mixed;;;;;;3;;;;;;;;;;;;;;;;;
OPTION_DEGATS_CALIBRE;82;Round 30 2A42 T1 AP;;;;;;4;;;;;;;;;;;;;;;;;
OPTION_DEGATS_CALIBRE;124;Round 125 2A75 AP T2;;;;;;17;;;;;;;;;;;;;;;;;
OPTION_DEGATS_CALIBRE;139;Round 125 AP T72B3 obr16 T2.5;;;;;;17;;;;;;;;;;;;;;;;;
OPTION_DEGATS_CALIBRE;141;Round 125 AP T80BVM T2.5;;;;;;17;;;;;;;;;;;;;;;;;
OPTION_DEGATS_CALIBRE;161;Round 23x115 KPVB Mixed;;;;;;3;;;;;;;;;;;;;;;;;
OPTION_DEGATS_CALIBRE;162;Round 23x152 ZU23 AAG HE;;;;;;3;;;;;;;;;;;;;;;;;
OPTION_DEGATS_CALIBRE;163;Bullet 14.5 ;;;;;;2.75;;;;;;;;;;;;;;;;;
OPTION_DEGATS_CALIBRE;172;Round 120 XM291 AP T3;;;;;;17;;;;;;;;;;;;;;;;;
OPTION_DEGATS_CALIBRE;173;Round 120 XM291 HEAT T3;;;;;;17;;;;;;;;;;;;;;;;;
OPTION_DEGATS_CALIBRE;176;Round 23x115 AP23 Mixed;;;;;;3;;;;;;;;;;;;;;;;;
OPTION_DEGATS_CALIBRE;177;Round 30 2A72 T2 HE;;;;;;4;;;;;;;;;;;;;;;;;
OPTION_DEGATS_CALIBRE;187;Round 120 2A80 Vena HEAT;;;;;;17;;;;;;;;;;;;;;;;;
OPTION_DEGATS_CALIBRE;189;Round 23x152 ZU23M AAG HE;;;;;;3;;;;;;;;;;;;;;;;;
OPTION_DEGATS_CALIBRE;195;Round 30 2A72 T3 AP;;;;;;4;;;;;;;;;;;;;;;;;
OPTION_DEGATS_CALIBRE;196;Round 30 2A72 T3 HE;;;;;;4;;;;;;;;;;;;;;;;;
OPTION_DEGATS_CALIBRE;198;Round 57 LShO57 AP;;;;;;6;;;;;;;;;;;;;;;;;
OPTION_DEGATS_CALIBRE;199;Round 57 LShO57 HE;;;;;;6;;;;;;;;;;;;;;;;;
OPTION_DEGATS_CALIBRE;201;Round 57 2A91 Derivatsiya AAG HE T3;;;;;;6;;;;;;;;;;;;;;;;;
OPTION_DEGATS_CALIBRE;204;Round 30 2A42 T1 HE;;;;;;4;;;;;;;;;;;;;;;;;
OPTION_DEGATS_CALIBRE;205;Round 30 2A42 T2 HE;;;;;;4;;;;;;;;;;;;;;;;;
OPTION_DEGATS_CALIBRE;206;Round 30 2A42 T2 AP;;;;;;4;;;;;;;;;;;;;;;;;
OPTION_DEGATS_CALIBRE;207;Round 30 2A72 T1 HE;;;;;;4;;;;;;;;;;;;;;;;;
OPTION_DEGATS_CALIBRE;208;Round 30 2A72 T1 AP;;;;;;4;;;;;;;;;;;;;;;;;
OPTION_DEGATS_CALIBRE;209;Round 30 2A42 T3 AP;;;;;;4;;;;;;;;;;;;;;;;;
OPTION_DEGATS_CALIBRE;210;Round 30 2A42 T3 HE;;;;;;4;;;;;;;;;;;;;;;;;
OPTION_DEGATS_CALIBRE;212;Round 23 AZP23 NoRad HE;;;;;;3;;;;;;;;;;;;;;;;;
OPTION_DEGATS_CALIBRE;213;Round 23 AZP23 Rad AAG HE;;;;;;3;;;;;;;;;;;;;;;;;
OPTION_DEGATS_CALIBRE;221;Round 57 AU220 AP T2.5;;;;;;6;;;;;;;;;;;;;;;;;
OPTION_DEGATS_CALIBRE;222;Round 57 AU220 HE T2.5;;;;;;6;;;;;;;;;;;;;;;;;
OPTION_DEGATS_CALIBRE;231;Round 30 2A38 Tunguska AAG HE;;;;;;4;;;;;;;;;;;;;;;;;
OPTION_DEGATS_CALIBRE;238;Round 125 2A46M1 T90 AP T2;;;;;;17;;;;;;;;;;;;;;;;;
OPTION_DEGATS_CALIBRE;239;Round 125 2A46M5 T90A T80UA AP T2.5;;;;;;17;;;;;;;;;;;;;;;;;
OPTION_DEGATS_CALIBRE;242;Round 125 2A46M501 T90M AP T3;;;;;;17;;;;;;;;;;;;;;;;;
OPTION_DEGATS_CALIBRE;244;Round 125 HEAT T3;;;;;;17;;;;;;;;;;;;;;;;;
OPTION_DEGATS_CALIBRE;246;Round 125 AP T80BV T2;;;;;;17;;;;;;;;;;;;;;;;;
OPTION_DEGATS_CALIBRE;248;Round 125 AP T80U T2;;;;;;17;;;;;;;;;;;;;;;;;
OPTION_DEGATS_CALIBRE;251;Round 120 M256 HEAT M1A2SEP2 T3;;;;;;17;;;;;;;;;;;;;;;;;
OPTION_DEGATS_CALIBRE;252;Round 120 M256 HEAT M1A2SEP T3;;;;;;17;;;;;;;;;;;;;;;;;
OPTION_DEGATS_CALIBRE;253;Round 120 M256 HEAT M1A2 T2.5;;;;;;17;;;;;;;;;;;;;;;;;
OPTION_DEGATS_CALIBRE;254;Round 120 M256 AP M1A2SEP2 T3;;;;;;17;;;;;;;;;;;;;;;;;
OPTION_DEGATS_CALIBRE;255;Round 120 M256 AP M1A2SEP T3;;;;;;17;;;;;;;;;;;;;;;;;
OPTION_DEGATS_CALIBRE;256;Round 120 M256 AP M1A2 T2.5;;;;;;17;;;;;;;;;;;;;;;;;
OPTION_DEGATS_CALIBRE;257;Round 120 M256 AP M1A1HC T2;;;;;;17;;;;;;;;;;;;;;;;;
OPTION_DEGATS_CALIBRE;258;Round 120 M256 AP M1A1FEP T3;;;;;;17;;;;;;;;;;;;;;;;;
OPTION_DEGATS_CALIBRE;260;Round 120 M256 HEAT M1A1HC T2;;;;;;17;;;;;;;;;;;;;;;;;
OPTION_DEGATS_CALIBRE;262;Round 20 M61 AAG CIWS HE;;;;;;3;;;;;;;;;;;;;;;;;
OPTION_DEGATS_CALIBRE;264;Round 125 2A46M AP T72BA T2;;;;;;17;;;;;;;;;;;;;;;;;
OPTION_DEGATS_CALIBRE;266;Round 57 2A91 Barbaris AP T3;;;;;;6;;;;;;;;;;;;;;;;;
OPTION_DEGATS_CALIBRE;267;Round 57 2A91 Barbaris HE T3;;;;;;6;;;;;;;;;;;;;;;;;
OPTION_DEGATS_CALIBRE;277;Round 25 Bushmaster T3 HE;;;;;;3.5;;;;;;;;;;;;;;;;;
OPTION_DEGATS_CALIBRE;278;Round 25 Bushmaster T3 AP;;;;;;3.5;;;;;;;;;;;;;;;;;
OPTION_DEGATS_CALIBRE;280;Bullet 12.7x99 Minigun;;;;;;2;;;;;;;;;;;;;;;;;
OPTION_DEGATS_CALIBRE;307;Round 30 Bushmaster2  AC130 AP;;;;;;4;;;;;;;;;;;;;;;;;
OPTION_DEGATS_CALIBRE;350;Round 30 GSh30K AAG HE;;;;;;4;;;;;;;;;;;;;;;;;
OPTION_DEGATS_CALIBRE;356;Round 125 HEAT T1;;;;;;17;;;;;;;;;;;;;;;;;
OPTION_DEGATS_CALIBRE;378;Round 30 2A42 T1 HE Ka29;;;;;;4;;;;;;;;;;;;;;;;;
OPTION_DEGATS_CALIBRE;379;Round 30 2A42 T1 AP Ka29;;;;;;4;;;;;;;;;;;;;;;;;
OPTION_DEGATS_CALIBRE;380;Bullet 12.7x108RU Minigun;;;;;;2;;;;;;;;;;;;;;;;;
OPTION_DEGATS_CALIBRE;406;Round 120 2A51 HEAT T1;;;;;;17;;;;;;;;;;;;;;;;;
OPTION_DEGATS_CALIBRE;408;Round 122 2A31 Gvozdika HEAT T1;;;;;;17;;;;;;;;;;;;;;;;;
OPTION_DEGATS_CALIBRE;437;Round 23x115 GSh23L Mixed Heli Pod;;;;;;3;;;;;;;;;;;;;;;;;
OPTION_DEGATS_CALIBRE;454;Round 30 M230LF HEDP AAG;;;;;;4;;80;80;;;;;;;;;;;;;;
OPTION_DEGATS_CALIBRE;457;Round 20 XM301 Mixed T2;;;;;;3;;;;;;;;;;;;;;;;;
OPTION_DEGATS_CALIBRE;479;Bullet 12.7x99 Gunpod;;;;;;2;;;;;;;;;;;;;;;;;
OPTION_DEGATS_CALIBRE;488;InfBullet 12.7x108RU MG;;;;;;2;;;;;;;;;;;;;;;;;
OPTION_DEGATS_CALIBRE;490;Round 57 S60 AP T1;;;;;;6;;;;;;;;;;;;;;;;;
OPTION_DEGATS_CALIBRE;491;Round 57 S60 HE T1;;;;;;6;;;;;;;;;;;;;;;;;
OPTION_DEGATS_CALIBRE;498;Round 100 MT12 AP T1;;;;;;15;;;;;;;;;;;;;;;;;
OPTION_DEGATS_CALIBRE;499;Round 100 MT12 HEAT T1;;;;;;15;;;;;;;;;;;;;;;;;
OPTION_DEGATS_CALIBRE;505;Round 105 XM35 AP T3;;;;;;15;;;;;;;;;;;;;;;;;
OPTION_DEGATS_CALIBRE;506;Round 50 BushmasterV AP T3;;;;;;5.5;;;;;;;;;;;;;;;;;
OPTION_DEGATS_CALIBRE;507;Round 50 BushmasterV HE T3;;;;;;5.5;;;;;;;;;;;;;;;;;
OPTION_DEGATS_CALIBRE;513;Bullet 12.7x99 Minigun Heli;;;;;;2;;;;;;;;;;;;;;;;;
OPTION_DEGATS_CALIBRE;532;Round 125 HEAT T2 T2.5;;;;;;17;;;;;;;;;;;;;;;;;
OPTION_DEGATS_CALIBRE;534;Round 30 AK630M HE;;;;;;4;;;;;;;;;;;;;;;;;
OPTION_DEGATS_CALIBRE;541;Round 125 HEAT T2 T80BV;;;;;;17;;;;;;;;;;;;;;;;;
OPTION_DEGATS_CALIBRE;561;Round 20 M61 AAG CIWS Ship;;;;;;3;;;;;;;;;;;;;;;;;
OPTION_DEGATS_CALIBRE;563;Round 30 2A42 T3 HE Heli;;;;;;4;;;;;;;;;;;;;;;;;
OPTION_DEGATS_CALIBRE;564;Round 30 2A42 T3 AP Heli;;;;;;4;;;;;;;;;;;;;;;;;
OPTION_DEGATS_CALIBRE;567;Round 30 Rarden HE;;;;;;4;;;;;;;;;;;;;;;;;
OPTION_DEGATS_CALIBRE;569;Round 35 Bushmaster3 AP T3;;;;;;4.5;;;;;;;;;;;;;;;;;
OPTION_DEGATS_CALIBRE;570;Round 35 Bushmaster3 HE T3;;;;;;4.5;;;;;;;;;;;;;;;;;
OPTION_DEGATS_CALIBRE;571;Round 30 Rarden AP;;;;;;4;;;;;;;;;;;;;;;;;
OPTION_DEGATS_CALIBRE;575;Round 120 Leo2A7 AP;;;;;;17;;;;;;;;;;;;;;;;;
OPTION_DEGATS_CALIBRE;577;Round 120 Leo2A8 HEAT;;;;;;17;;;;;;;;;;;;;;;;;
OPTION_DEGATS_CALIBRE;602;Round 120 Leo2A8 DM73 AP;;;;;;17;;;;;;;;;;;;;;;;;
OPTION_DEGATS_CALIBRE;604;Round 20x102 NC621 Mixed Heli Pod;;;;;;3;;;;;;;;;;;;;;;;;
OPTION_DEGATS_CALIBRE;701;Round 115 2A20 AP T1;;;;;;15;;;;;;;;;;;;;;;;;
OPTION_DEGATS_CALIBRE;713;Round 115 2A20 AP T2;;;;;;15;;;;;;;;;;;;;;;;;
OPTION_DEGATS_CALIBRE;714;Round 115 2A20 HEAT T1 ;;;;;;15;;;;;;;;;;;;;;;;;
OPTION_DEGATS_CALIBRE;715;Round 115 2A20 HEAT T2;;;;;;15;;;;;;;;;;;;;;;;;
# OPTION_COUVERT_REALISTE : part de la protection des bâtiments ignorée par la munition. Tireurs d'élite 0.4 (12,7 mm : 0.5), mitrailleuses lourdes et lance-grenades 0.25, obus explosifs de canons automatiques 0.4, obus explosifs de chars 0.5, roquettes antichar 0.2, thermobariques 0.7. '>=' = au moins cette valeur (jamais baissée). Fichier généré.
OPTION_COUVERT_REALISTE;101;InfBullet 8.6x70 Lapua Sniper RU T2;;;;;;;;;;;;;;0.4;;;;;;;;;
OPTION_COUVERT_REALISTE;343;InfBullet 7.62x51 Sniper T1;;;;;;;;;;;;;;0.4;;;;;;;;;
OPTION_COUVERT_REALISTE;369;InfBullet 7.62x51 Sniper T2;;;;;;;;;;;;;;0.4;;;;;;;;;
OPTION_COUVERT_REALISTE;383;InfBullet 7.62x51 (308W) Sniper T3;;;;;;;;;;;;;;0.4;;;;;;;;;
OPTION_COUVERT_REALISTE;385;InfBullet 10.3x77 CheyTac Sniper T3;;;;;;;;;;;;;;0.4;;;;;;;;;
OPTION_COUVERT_REALISTE;388;InfBullet 7.62x67 Sniper T2;;;;;;;;;;;;;;0.4;;;;;;;;;
OPTION_COUVERT_REALISTE;389;InfBullet 8.6x70 Lapua Sniper US T2;;;;;;;;;;;;;;0.4;;;;;;;;;
OPTION_COUVERT_REALISTE;393;InfBullet 7.62x54 Sniper T2;;;;;;;;;;;;;;0.4;;;;;;;;;
OPTION_COUVERT_REALISTE;916;InfBullet 7.62x54 Sniper T3;;;;;;;;;;;;;;0.4;;;;;;;;;
OPTION_COUVERT_REALISTE;122;InfBullet 12.7x55  Sniper T3;;;;;;;;;;;;;;0.5;;;;;;;;;
OPTION_COUVERT_REALISTE;275;InfBullet 12.7x99 Sniper T1;;;;;;;;;;;;;;0.5;;;;;;;;;
OPTION_COUVERT_REALISTE;384;InfBullet 12.7x108 Sniper T1;;;;;;;;;;;;;;0.5;;;;;;;;;
OPTION_COUVERT_REALISTE;387;InfBullet 12.7x99 Sniper T3;;;;;;;;;;;;;;0.5;;;;;;;;;
OPTION_COUVERT_REALISTE;19;Bullet 12.7x99;;;;;;;;;;;;;;>=0.25;;;;;;;;;
OPTION_COUVERT_REALISTE;70;Bullet 12.7x108RU;;;;;;;;;;;;;;>=0.25;;;;;;;;;
OPTION_COUVERT_REALISTE;163;Bullet 14.5;;;;;;;;;;;;;;>=0.25;;;;;;;;;
OPTION_COUVERT_REALISTE;280;Bullet 12.7x99 Minigun;;;;;;;;;;;;;;>=0.25;;;;;;;;;
OPTION_COUVERT_REALISTE;380;Bullet 12.7x108RU Minigun;;;;;;;;;;;;;;>=0.25;;;;;;;;;
OPTION_COUVERT_REALISTE;479;Bullet 12.7x99 Gunpod;;;;;;;;;;;;;;>=0.25;;;;;;;;;
OPTION_COUVERT_REALISTE;488;InfBullet 12.7x108RU MG;;;;;;;;;;;;;;>=0.25;;;;;;;;;
OPTION_COUVERT_REALISTE;513;Bullet 12.7x99 Minigun Heli;;;;;;;;;;;;;;>=0.25;;;;;;;;;
OPTION_COUVERT_REALISTE;21;InfGrenade 40x102 GP30;;;;;;;;;;;;;;>=0.25;;;;;;;;;
OPTION_COUVERT_REALISTE;29;InfGrenade 40x46 (M203 M320);;;;;;;;;;;;;;>=0.25;;;;;;;;;
OPTION_COUVERT_REALISTE;50;Grenade 40x53 NATO (Mk19);;;;;;;;;;;;;;>=0.25;;;;;;;;;
OPTION_COUVERT_REALISTE;99;Grenade 30x29 AGS17/30;;;;;;;;;;;;;;>=0.25;;;;;;;;;
OPTION_COUVERT_REALISTE;118;Grenade 40 AGS40;;;;;;;;;;;;;;>=0.25;;;;;;;;;
OPTION_COUVERT_REALISTE;279;Grenade 40x53 NATO Mk47;;;;;;;;;;;;;;>=0.25;;;;;;;;;
OPTION_COUVERT_REALISTE;470;InfGrenade 40x46 M32 150m;;;;;;;;;;;;;;>=0.25;;;;;;;;;
OPTION_COUVERT_REALISTE;486;InfGrenade 40x102 GP25 150m;;;;;;;;;;;;;;>=0.25;;;;;;;;;
OPTION_COUVERT_REALISTE;529;InfGrenade 40x46 225m;;;;;;;;;;;;;;>=0.25;;;;;;;;;
OPTION_COUVERT_REALISTE;622;InfGrenade 40x46 (M203 M320) 300;;;;;;;;;;;;;;>=0.25;;;;;;;;;
OPTION_COUVERT_REALISTE;915;InfGrenade 30x29 TKB Arbalet;;;;;;;;;;;;;;>=0.25;;;;;;;;;
OPTION_COUVERT_REALISTE;117;InfGrenade 45 FG45;;;;;;;;;;;;;;>=0.25;;;;;;;;;
OPTION_COUVERT_REALISTE;762;InfGrenade 25x? TKB0257;;;;;;;;;;;;;;>=0.25;;;;;;;;;
OPTION_COUVERT_REALISTE;10;Round 30 M230 HEDP Heli T3;;;;;;;;;;;;;;>=0.4;;;;;;;;;
OPTION_COUVERT_REALISTE;26;Round 25 Bushmaster T2 HE;;;;;;;;;;;;;;>=0.4;;;;;;;;;
OPTION_COUVERT_REALISTE;32;Round 25 GAU12 AAG HE;;;;;;;;;;;;;;>=0.4;;;;;;;;;
OPTION_COUVERT_REALISTE;36;Round 30 M230LF HEDP;;;;;;;;;;;;;;>=0.4;;;;;;;;;
OPTION_COUVERT_REALISTE;53;Round 30 Bushmaster2 HE T3;;;;;;;;;;;;;;>=0.4;;;;;;;;;
OPTION_COUVERT_REALISTE;55;Round 40 Bofors HEDP (AC-130);;;;;;;;;;;;;;>=0.4;;;;;;;;;
OPTION_COUVERT_REALISTE;56;Round 25 GAU12 (AC-130);;;;;;;;;;;;;;>=0.4;;;;;;;;;
OPTION_COUVERT_REALISTE;60;Round 30 2A38 Pantsir AAG HE T3;;;;;;;;;;;;;;>=0.4;;;;;;;;;
OPTION_COUVERT_REALISTE;74;Round 30 Bushmaster2  AC130 HE;;;;;;;;;;;;;;>=0.4;;;;;;;;;
OPTION_COUVERT_REALISTE;177;Round 30 2A72 T2 HE;;;;;;;;;;;;;;>=0.4;;;;;;;;;
OPTION_COUVERT_REALISTE;196;Round 30 2A72 T3 HE;;;;;;;;;;;;;;>=0.4;;;;;;;;;
OPTION_COUVERT_REALISTE;204;Round 30 2A42 T1 HE;;;;;;;;;;;;;;>=0.4;;;;;;;;;
OPTION_COUVERT_REALISTE;205;Round 30 2A42 T2 HE;;;;;;;;;;;;;;>=0.4;;;;;;;;;
OPTION_COUVERT_REALISTE;207;Round 30 2A72 T1 HE;;;;;;;;;;;;;;>=0.4;;;;;;;;;
OPTION_COUVERT_REALISTE;210;Round 30 2A42 T3 HE;;;;;;;;;;;;;;>=0.4;;;;;;;;;
OPTION_COUVERT_REALISTE;231;Round 30 2A38 Tunguska AAG HE;;;;;;;;;;;;;;>=0.4;;;;;;;;;
OPTION_COUVERT_REALISTE;277;Round 25 Bushmaster T3 HE;;;;;;;;;;;;;;>=0.4;;;;;;;;;
OPTION_COUVERT_REALISTE;350;Round 30 GSh30K AAG HE;;;;;;;;;;;;;;>=0.4;;;;;;;;;
OPTION_COUVERT_REALISTE;378;Round 30 2A42 T1 HE Ka29;;;;;;;;;;;;;;>=0.4;;;;;;;;;
OPTION_COUVERT_REALISTE;454;Round 30 M230LF HEDP AAG;;;;;;;;;;;;;;>=0.4;;;;;;;;;
OPTION_COUVERT_REALISTE;534;Round 30 AK630M HE;;;;;;;;;;;;;;>=0.4;;;;;;;;;
OPTION_COUVERT_REALISTE;546;Round 30 2A42 T3 HE BMPT;;;;;;;;;;;;;;>=0.4;;;;;;;;;
OPTION_COUVERT_REALISTE;563;Round 30 2A42 T3 HE Heli;;;;;;;;;;;;;;>=0.4;;;;;;;;;
OPTION_COUVERT_REALISTE;567;Round 30 Rarden HE;;;;;;;;;;;;;;>=0.4;;;;;;;;;
OPTION_COUVERT_REALISTE;570;Round 35 Bushmaster3 HE T3;;;;;;;;;;;;;;>=0.4;;;;;;;;;
OPTION_COUVERT_REALISTE;199;Round 57 LShO57 HE;;;;;;;;;;;;;;>=0.4;;;;;;;;;
OPTION_COUVERT_REALISTE;201;Round 57 2A91 Derivatsiya AAG HE T3;;;;;;;;;;;;;;>=0.4;;;;;;;;;
OPTION_COUVERT_REALISTE;222;Round 57 AU220 HE T2.5;;;;;;;;;;;;;;>=0.4;;;;;;;;;
OPTION_COUVERT_REALISTE;267;Round 57 2A91 Barbaris HE T3;;;;;;;;;;;;;;>=0.4;;;;;;;;;
OPTION_COUVERT_REALISTE;491;Round 57 S60 HE T1;;;;;;;;;;;;;;>=0.4;;;;;;;;;
OPTION_COUVERT_REALISTE;507;Round 50 BushmasterV HE T3;;;;;;;;;;;;;;>=0.4;;;;;;;;;
OPTION_COUVERT_REALISTE;7;Round 100 2A70 T1 HE;;;;;;;;;;;;;;>=0.5;;;;;;;;;
OPTION_COUVERT_REALISTE;194;Round 100 2A70 T2 HE;;;;;;;;;;;;;;>=0.5;;;;;;;;;
OPTION_COUVERT_REALISTE;24;Round 105 M68 HESH T1;;;;;;;;;;;;;;>=0.5;;;;;;;;;
OPTION_COUVERT_REALISTE;171;Round 105 M68 XM35 HESH T2;;;;;;;;;;;;;;>=0.5;;;;;;;;;
OPTION_COUVERT_REALISTE;504;Round 105 XM35 HESH T3;;;;;;;;;;;;;;>=0.5;;;;;;;;;
OPTION_COUVERT_REALISTE;49;Round 125 2A82 HE T3;;;;;;;;;;;;;;>=0.5;;;;;;;;;
OPTION_COUVERT_REALISTE;54;Round 125 2A46M HE T72B T72A T1;;;;;;;;;;;;;;>=0.5;;;;;;;;;
OPTION_COUVERT_REALISTE;126;Round 125 2A75 HE T2;;;;;;;;;;;;;;>=0.5;;;;;;;;;
OPTION_COUVERT_REALISTE;140;Round 125 HE T72B3 obr16 T2.5;;;;;;;;;;;;;;>=0.5;;;;;;;;;
OPTION_COUVERT_REALISTE;142;Round 125 HE T80BVM T2.5;;;;;;;;;;;;;;>=0.5;;;;;;;;;
OPTION_COUVERT_REALISTE;240;Round 125 2A46M1 T90 HE T2;;;;;;;;;;;;;;>=0.5;;;;;;;;;
OPTION_COUVERT_REALISTE;241;Round 125 2A46M5 T90A T80UA HE  T2.5;;;;;;;;;;;;;;>=0.5;;;;;;;;;
OPTION_COUVERT_REALISTE;243;Round 125 2A46M501 T90M HE T3;;;;;;;;;;;;;;>=0.5;;;;;;;;;
OPTION_COUVERT_REALISTE;247;Round 125 HE T80BV T2;;;;;;;;;;;;;;>=0.5;;;;;;;;;
OPTION_COUVERT_REALISTE;249;Round 125 HE T80U T2;;;;;;;;;;;;;;>=0.5;;;;;;;;;
OPTION_COUVERT_REALISTE;265;Round 125 2A46M HE T72BA T2;;;;;;;;;;;;;;>=0.5;;;;;;;;;
OPTION_COUVERT_REALISTE;259;Round 120 M256 HE M1A1FEP T2.5;;;;;;;;;;;;;;>=0.5;;;;;;;;;
OPTION_COUVERT_REALISTE;540;Round 120 M256 HE SEP3;;;;;;;;;;;;;;>=0.5;;;;;;;;;
OPTION_COUVERT_REALISTE;576;Round 120 Leo2A8 HE;;;;;;;;;;;;;;>=0.5;;;;;;;;;
OPTION_COUVERT_REALISTE;716;Round 115 2A20 HE T1;;;;;;;;;;;;;;>=0.5;;;;;;;;;
OPTION_COUVERT_REALISTE;717;Round 115 2A20 HE T2;;;;;;;;;;;;;;>=0.5;;;;;;;;;
OPTION_COUVERT_REALISTE;500;Round 100 MT12 HE T1;;;;;;;;;;;;;;>=0.5;;;;;;;;;
OPTION_COUVERT_REALISTE;31;InfRocket 105 RPG7 HEAT PG7VR;;;;;;;;;;;;;;>=0.2;;;;;;;;;
OPTION_COUVERT_REALISTE;33;InfRocket 84 CGM3 HEAT;;;;;;;;;;;;;;>=0.2;;;;;;;;;
OPTION_COUVERT_REALISTE;42;InfRocket 84 SMAW HEAA;;;;;;;;;;;;;;>=0.2;;;;;;;;;
OPTION_COUVERT_REALISTE;86;InfRocket 84 AT4 HEAT;;;;;;;;;;;;;;>=0.2;;;;;;;;;
OPTION_COUVERT_REALISTE;104;InfRocket 93 RPG7 HEAT PG7VL;;;;;;;;;;;;;;>=0.2;;;;;;;;;
OPTION_COUVERT_REALISTE;105;InfRocket 73 SPG9 HEAT;;;;;;;;;;;;;;>=0.2;;;;;;;;;
OPTION_COUVERT_REALISTE;109;InfRocket 73 RPG26 HEAT;;;;;;;;;;;;;;>=0.2;;;;;;;;;
OPTION_COUVERT_REALISTE;110;InfRocket 105 RPG30 HEAT;;;;;;;;;;;;;;>=0.2;;;;;;;;;
OPTION_COUVERT_REALISTE;111;InfRocket 105 RPG27 HEAT;;;;;;;;;;;;;;>=0.2;;;;;;;;;
OPTION_COUVERT_REALISTE;112;InfRocket 105 RPG29 HEAT;;;;;;;;;;;;;;>=0.2;;;;;;;;;
OPTION_COUVERT_REALISTE;115;InfRocket 125 RPG28 HEAT;;;;;;;;;;;;;;>=0.2;;;;;;;;;
OPTION_COUVERT_REALISTE;344;InfRocket 84 CGM4 HEAT Tandem;;;;;;;;;;;;;;>=0.2;;;;;;;;;
OPTION_COUVERT_REALISTE;475;InfRocket 84 AT4 Tandem;;;;;;;;;;;;;;>=0.2;;;;;;;;;
OPTION_COUVERT_REALISTE;509;InfRocket 58 RPG16 HEAT;;;;;;;;;;;;;;>=0.2;;;;;;;;;
OPTION_COUVERT_REALISTE;591;InfRocket 90 PVPJ1110 HEAT;;;;;;;;;;;;;;>=0.2;;;;;;;;;
OPTION_COUVERT_REALISTE;592;InfRocket 66 M72 HEAT;;;;;;;;;;;;;;>=0.2;;;;;;;;;
OPTION_COUVERT_REALISTE;594;InfRocket 84 CGM2 HEAT;;;;;;;;;;;;;;>=0.2;;;;;;;;;
OPTION_COUVERT_REALISTE;730;InfRocket 70 RPG7 HEAT PG7VS;;;;;;;;;;;;;;>=0.2;;;;;;;;;
OPTION_COUVERT_REALISTE;735;InfRocket 64 RPG18 HEAT;;;;;;;;;;;;;;>=0.2;;;;;;;;;
OPTION_COUVERT_REALISTE;736;InfRocket 70 RPG7 HEAT PG7VM;;;;;;;;;;;;;;>=0.2;;;;;;;;;
OPTION_COUVERT_REALISTE;905;InfRocket 105 RPG32 HEAT;;;;;;;;;;;;;;>=0.2;;;;;;;;;
OPTION_COUVERT_REALISTE;130;InfRocket 66 M72 HE;;;;;;;;;;;;;;>=0.2;;;;;;;;;
OPTION_COUVERT_REALISTE;392;InfRocket 140 SRAW HE;;;;;;;;;;;;;;>=0.2;;;;;;;;;
OPTION_COUVERT_REALISTE;476;InfRocket 40 RPG7 HE OG7V;;;;;;;;;;;;;;>=0.2;;;;;;;;;
OPTION_COUVERT_REALISTE;492;InfRocket 84 CGM3 HE;;;;;;;;;;;;;;>=0.2;;;;;;;;;
OPTION_COUVERT_REALISTE;525;InfRocket 73 SPG9 HE;;;;;;;;;;;;;;>=0.2;;;;;;;;;
OPTION_COUVERT_REALISTE;593;InfRocket 90 C90CRBK;;;;;;;;;;;;;;>=0.2;;;;;;;;;
OPTION_COUVERT_REALISTE;595;InfRocket 82 B300 HE;;;;;;;;;;;;;;>=0.2;;;;;;;;;
OPTION_COUVERT_REALISTE;609;InfRocket 90 PVPJ1110 HE;;;;;;;;;;;;;;>=0.2;;;;;;;;;
OPTION_COUVERT_REALISTE;103;InfRocket 62 Bur Thermobaric;;;;;;;;;;;;;;>=0.7;;;;;;;;;
OPTION_COUVERT_REALISTE;107;InfRocket 105 RPG7 Thermobaric TBG7V;;;;;;;;;;;;;;>=0.7;;;;;;;;;
OPTION_COUVERT_REALISTE;108;InfRocket 93 RPO Thermobaric;;;;;;;;;;;;;;>=0.7;;;;;;;;;
OPTION_COUVERT_REALISTE;121;InfRocket 105 RMG HEAT Thermobaric;;;;;;;;;;;;;;>=0.7;;;;;;;;;
OPTION_COUVERT_REALISTE;466;MLRS 345 CATFAE Thermobaric;;;;;;;;;;;;;;>=0.7;;;;;;;;;
OPTION_COUVERT_REALISTE;524;InfRocket 105 RShG1 Thermobaric;;;;;;;;;;;;;;>=0.7;;;;;;;;;
OPTION_COUVERT_REALISTE;906;InfRocket 93 RPG7 Thermobaric TBG7L;;;;;;;;;;;;;;>=0.7;;;;;;;;;
OPTION_COUVERT_REALISTE;911;InfGrenade 43x30 GM94 (Thermobaric);;;;;;;;;;;;;;>=0.7;;;;;;;;;
# OPTION_VOL_BAS_REALISTE : portée minimale réelle des missiles sol-air portables (Stinger 200 m ; Piorun 400 m ; Igla, Igla-S, Verba, Mistral, Grom 500 m ; RBS-70 250 m) et tir des lance-roquettes sur un hélicoptère en vol (RPG-7, RPG-29, RPG-32, Carl Gustaf, SMAW 300 m, obus thermobariques du RPG-7 compris ; lance-roquettes jetables et thermobariques (RShG, RPO, Bur, RMG) 200 m ; jamais au-delà de la portée au sol). Fichier généré.
OPTION_VOL_BAS_REALISTE;462;Missile AA StingerF MANPAD;;;;;;;;;;200;;;;;;;;;;;;;
OPTION_VOL_BAS_REALISTE;474;Missile AA StingerJ MANPAD;;;;;;;;;;200;;;;;;;;;;;;;
OPTION_VOL_BAS_REALISTE;403;Missile A2A Stinger UAV;;;;;;;;;;200;;;;;;;;;;;;;
OPTION_VOL_BAS_REALISTE;106;Missile AA IglaN;;;;;;;;;;500;;;;;;;;;;;;;
OPTION_VOL_BAS_REALISTE;601;Missile AA Mistral3 Vehicles;;;;;;;;;;500;;;;;;;;;;;;;
OPTION_VOL_BAS_REALISTE;598;Missile AA Grom;;;;;;;;;;500;;;;;;;;;;;;;
OPTION_VOL_BAS_REALISTE;573;Missile AA RBS70 Bolid Vehicles;;;;;;;;;;250;;;;;;;;;;;;;
OPTION_VOL_BAS_REALISTE;599;Missile AA RBS70 Bolid Infantry;;;;;;;;;;250;;;;;;;;;;;;;
OPTION_VOL_BAS_REALISTE;104;InfRocket 93 RPG7 HEAT PG7VL;;;;;;;300;;;10;;;;;;;;;;;;;
OPTION_VOL_BAS_REALISTE;736;InfRocket 70 RPG7 HEAT PG7VM;;;;;;;300;;;10;;;;;;;;;;;;;
OPTION_VOL_BAS_REALISTE;730;InfRocket 70 RPG7 HEAT PG7VS;;;;;;;300;;;10;;;;;;;;;;;;;
OPTION_VOL_BAS_REALISTE;476;InfRocket 40 RPG7 HE OG7V;;;;;;;300;;;;;;;;;;;;;;;;
OPTION_VOL_BAS_REALISTE;31;InfRocket 105 RPG7 HEAT PG7VR;;;;;;;200;;;10;;;;;;;;;;;;;
OPTION_VOL_BAS_REALISTE;112;InfRocket 105 RPG29 HEAT;;;;;;;300;;;10;;;;;;;;;;;;;
OPTION_VOL_BAS_REALISTE;905;InfRocket 105 RPG32 HEAT;;;;;;;300;;;10;;;;;;;;;;;;;
OPTION_VOL_BAS_REALISTE;509;InfRocket 58 RPG16 HEAT;;;;;;;300;;;10;;;;;;;;;;;;;
OPTION_VOL_BAS_REALISTE;33;InfRocket 84 CGM3 HEAT;;;;;;;300;;;10;;;;;;;;;;;;;
OPTION_VOL_BAS_REALISTE;344;InfRocket 84 CGM4 HEAT Tandem;;;;;;;300;;;10;;;;;;;;;;;;;
OPTION_VOL_BAS_REALISTE;594;InfRocket 84 CGM2 HEAT;;;;;;;300;;;10;;;;;;;;;;;;;
OPTION_VOL_BAS_REALISTE;492;InfRocket 84 CGM3 HE;;;;;;;300;;;;;;;;;;;;;;;;
OPTION_VOL_BAS_REALISTE;42;InfRocket 84 SMAW HEAA;;;;;;;300;;;10;;;;;;;;;;;;;
OPTION_VOL_BAS_REALISTE;41;InfRocket 84 SMAW NE;;;;;;;250;;;;;;;;;;;;;;;;
OPTION_VOL_BAS_REALISTE;595;InfRocket 82 B300 HE;;;;;;;300;;;10;;;;;;;;;;;;;
OPTION_VOL_BAS_REALISTE;107;InfRocket 105 RPG7 Thermobaric TBG7V;;;;;;;200;;;;;;;;;;;;;;;;
OPTION_VOL_BAS_REALISTE;906;InfRocket 93 RPG7 Thermobaric TBG7L;;;;;;;200;;;;;;;;;;;;;;;;
OPTION_VOL_BAS_REALISTE;735;InfRocket 64 RPG18 HEAT;;;;;;;150;;;10;;;;;;;;;;;;;
OPTION_VOL_BAS_REALISTE;109;InfRocket 73 RPG26 HEAT;;;;;;;200;;;10;;;;;;;;;;;;;
OPTION_VOL_BAS_REALISTE;111;InfRocket 105 RPG27 HEAT;;;;;;;200;;;10;;;;;;;;;;;;;
OPTION_VOL_BAS_REALISTE;115;InfRocket 125 RPG28 HEAT;;;;;;;200;;;10;;;;;;;;;;;;;
OPTION_VOL_BAS_REALISTE;110;InfRocket 105 RPG30 HEAT;;;;;;;200;;;10;;;;;;;;;;;;;
OPTION_VOL_BAS_REALISTE;86;InfRocket 84 AT4 HEAT;;;;;;;200;;;10;;;;;;;;;;;;;
OPTION_VOL_BAS_REALISTE;475;InfRocket 84 AT4 Tandem;;;;;;;200;;;10;;;;;;;;;;;;;
OPTION_VOL_BAS_REALISTE;592;InfRocket 66 M72 HEAT;;;;;;;200;;;10;;;;;;;;;;;;;
OPTION_VOL_BAS_REALISTE;130;InfRocket 66 M72 HE;;;;;;;200;;;;;;;;;;;;;;;;
OPTION_VOL_BAS_REALISTE;128;InfRocket 84 M141 BDM HEDP;;;;;;;200;;;;;;;;;;;;;;;;
OPTION_VOL_BAS_REALISTE;593;InfRocket 90 C90CRBK;;;;;;;200;;;;;;;;;;;;;;;;
OPTION_VOL_BAS_REALISTE;524;InfRocket 105 RShG1 Thermobaric;;;;;;;150;;;;;;;;;;;;;;;;
OPTION_VOL_BAS_REALISTE;377;InfRocket 73 RShG2 Thermobaric;;;;;;;200;;;;;;;;;;;;;;;;
OPTION_VOL_BAS_REALISTE;108;InfRocket 93 RPO Thermobaric;;;;;;;200;;;;;;;;;;;;;;;;
OPTION_VOL_BAS_REALISTE;396;InfRocket 93 RPOM Thermobaric;;;;;;;200;;;;;;;;;;;;;;;;
OPTION_VOL_BAS_REALISTE;103;InfRocket 62 Bur Thermobaric;;;;;;;200;;;;;;;;;;;;;;;;
OPTION_VOL_BAS_REALISTE;121;InfRocket 105 RMG HEAT Thermobaric;;;;;;;200;;;;;;;;;;;;;;;;
OPTION_VOL_BAS_REALISTE;392;InfRocket 140 SRAW HE;;;;;;;200;;;;;;;;;;;;;;;;
# OPTION_VISEE_OEIL : mitrailleuses d'infanterie visées à l'œil (PKM des réservistes) : 600 m au sol. Identique pour les deux camps. Fichier généré.
OPTION_VISEE_OEIL;75;InfBullet 7.62x54 MG T1;600;;;;;;;;;;;;;;;;;;;;;;;
OPTION_VISEE_OEIL;365;InfBullet 7.62x54 MG T0;600;;;;;;;;;;;;;;;;;;;;;;;
# OPTION_PORTEES_MINI_REELLES : distance minimale de tir réelle de l'artillerie : obusiers de 152-155-203 mm 3 km, de 105-122 mm 2 km, Nona/Vena/Magnolia 1,7 km (fumigènes 400 m), mortiers de 120 mm 200 m, 81-82 mm 80-91 m, Vasilek 770 m, Grad 5 km, TOS-1 500 m, TOS-1A 400 m, TOS-2 1,6 km, HIMARS/MLRS, Smerch, Uragan, ATACMS, Iskander, PrSM et Tochka 4,5 km (leur vrai minimum dépasse la carte), missiles S-300V 6 km et 4,5 km, Buk-M3 2,5 km. Identique pour les deux camps. Fichier généré.
OPTION_PORTEES_MINI_REELLES;4;Shell 155 M284 M109A7 HE;;;;;;;;;;3000;;;;;;;;;;;;;;
OPTION_PORTEES_MINI_REELLES;228;Shell 152 2A88 HE;;;;;;;;;;3000;;;;;;;;;;;;;;
OPTION_PORTEES_MINI_REELLES;229;Shell 152 2A88 Rad HE-RAP;;;;;;;;;;3000;;;;;;;;;;;;;;
OPTION_PORTEES_MINI_REELLES;236;Shell 152 2A33 T2 HE;;;;;;;;;;3000;;;;;;;;;;;;;;
OPTION_PORTEES_MINI_REELLES;261;Shell 155 M284 M109A6 HE;;;;;;;;;;3000;;;;;;;;;;;;;;
OPTION_PORTEES_MINI_REELLES;281;Shell 155 M284 M109A7 HE Guided;;;;;;;;;;3000;;;;;;;;;;;;;;
OPTION_PORTEES_MINI_REELLES;347;Shell 152 2A64 M2 HE;;;;;;;;;;3000;;;;;;;;;;;;;;
OPTION_PORTEES_MINI_REELLES;348;Shell 152 2A64 M2 HE Guided;;;;;;;;;;3000;;;;;;;;;;;;;;
OPTION_PORTEES_MINI_REELLES;412;Shell 152 2A88 Rad HE Guided;;;;;;;;;;3000;;;;;;;;;;;;;;
OPTION_PORTEES_MINI_REELLES;413;Shell 152 2A64 M1 Cluster;;;;;;;;;;3000;;;;;;;;;;;;;;
OPTION_PORTEES_MINI_REELLES;423;Shell 155 M907 IronThunder HE Guided;;;;;;;;;;3000;;;;;;;;;;;;;;
OPTION_PORTEES_MINI_REELLES;424;Shell 155 M284 M109A6 HE Guided;;;;;;;;;;3000;;;;;;;;;;;;;;
OPTION_PORTEES_MINI_REELLES;425;Shell 155 M284 M109A6 Cluster;;;;;;;;;;3000;;;;;;;;;;;;;;
OPTION_PORTEES_MINI_REELLES;426;Shell 155 M284 M109A6 HEAT Guided;;;;;;;;;;3000;;;;;;;;;;;;;;
OPTION_PORTEES_MINI_REELLES;481;Shell 203 2A44 Malka HE;;;;;;;;;;3000;;;;;;;;;;;;;;
OPTION_PORTEES_MINI_REELLES;489;Shell 152 2A37 M1 HE ;;;;;;;;;;3000;;;;;;;;;;;;;;
OPTION_PORTEES_MINI_REELLES;565;Shell 203 2A44 Malka HE Guided;;;;;;;;;;3000;;;;;;;;;;;;;;
OPTION_PORTEES_MINI_REELLES;605;Shell 155 M284 M109A5O HE;;;;;;;;;;3000;;;;;;;;;;;;;;
OPTION_PORTEES_MINI_REELLES;607;Shell 155 PZH2000 HE;;;;;;;;;;3000;;;;;;;;;;;;;;
OPTION_PORTEES_MINI_REELLES;610;Shell 155 K9EST HE;;;;;;;;;;3000;;;;;;;;;;;;;;
OPTION_PORTEES_MINI_REELLES;611;Shell 155 K9EST HE Guided;;;;;;;;;;3000;;;;;;;;;;;;;;
OPTION_PORTEES_MINI_REELLES;613;Shell 155 K9EST HE RAP;;;;;;;;;;3000;;;;;;;;;;;;;;
OPTION_PORTEES_MINI_REELLES;625;Shell 155 PZH2000 HE-RAP;;;;;;;;;;3000;;;;;;;;;;;;;;
OPTION_PORTEES_MINI_REELLES;718;Shell 152 2A37 M1 HE Guided;;;;;;;;;;3000;;;;;;;;;;;;;;
OPTION_PORTEES_MINI_REELLES;910;Shell 152 2A64 Malva HE-RAP;;;;;;;;;;3000;;;;;;;;;;;;;;
OPTION_PORTEES_MINI_REELLES;68;Shell 152 2A64 M1 SMK;;;;;;;;;;3000;;;;;;;;;;;;;;
OPTION_PORTEES_MINI_REELLES;149;Shell 155 M284 M109A6 SMK;;;;;;;;;;3000;;;;;;;;;;;;;;
OPTION_PORTEES_MINI_REELLES;152;Shell 155 M284 M109A7 SMK;;;;;;;;;;3000;;;;;;;;;;;;;;
OPTION_PORTEES_MINI_REELLES;237;Shell 152 2A33 SMK;;;;;;;;;;3000;;;;;;;;;;;;;;
OPTION_PORTEES_MINI_REELLES;349;Shell 152 2A64 M2 SMK;;;;;;;;;;3000;;;;;;;;;;;;;;
OPTION_PORTEES_MINI_REELLES;606;Shell 155 M284 M109A5O SMK;;;;;;;;;;3000;;;;;;;;;;;;;;
OPTION_PORTEES_MINI_REELLES;612;Shell 155 K9EST SMK;;;;;;;;;;3000;;;;;;;;;;;;;;
OPTION_PORTEES_MINI_REELLES;37;Shell 105 M20 HE;;;;;;;;;;2000;;;;;;;;;;;;;;
OPTION_PORTEES_MINI_REELLES;419;Shell 105 M20 CLUS;;;;;;;;;;2000;;;;;;;;;;;;;;
OPTION_PORTEES_MINI_REELLES;421;Shell 105 M20 HE-RAP;;;;;;;;;;2000;;;;;;;;;;;;;;
OPTION_PORTEES_MINI_REELLES;420;Shell 105 M20 SMK;;;;;;;;;;2000;;;;;;;;;;;;;;
OPTION_PORTEES_MINI_REELLES;503;Shell 105 LEO HE;;;;;;;;;;2000;;;;;;;;;;;;;;
OPTION_PORTEES_MINI_REELLES;581;Shell 105 LEO Clus;;;;;;;;;;2000;;;;;;;;;;;;;;
OPTION_PORTEES_MINI_REELLES;174;Shell 122 2A31 HE ;;;;;;;;;;2000;;;;;;;;;;;;;;
OPTION_PORTEES_MINI_REELLES;6;Obus 120 M121 HE;;;;;;;;;;200;;;;;;;;;;;;;;
OPTION_PORTEES_MINI_REELLES;422;Obus 120 M121 HE Guided;;;;;;;;;;200;;;;;;;;;;;;;;
OPTION_PORTEES_MINI_REELLES;623;Obus 120 M121 HE-RAP;;;;;;;;;;200;;;;;;;;;;;;;;
OPTION_PORTEES_MINI_REELLES;624;Obus 120 M121 HE Guided PERM;;;;;;;;;;200;;;;;;;;;;;;;;
OPTION_PORTEES_MINI_REELLES;87;Obus 120 M121 SMK;;;;;;;;;;200;;;;;;;;;;;;;;
OPTION_PORTEES_MINI_REELLES;133;Obus 81 M252 HE;;;;;;;;;;91;;;;;;;;;;;;;;
OPTION_PORTEES_MINI_REELLES;132;Obus 81 M252 SMK;;;;;;;;;;91;;;;;;;;;;;;;;
OPTION_PORTEES_MINI_REELLES;134;Obus 82 HE;;;;;;;;;;80;;;;;;;;;;;;;;
OPTION_PORTEES_MINI_REELLES;136;Obus 82 SMK;;;;;;;;;;80;;;;;;;;;;;;;;
OPTION_PORTEES_MINI_REELLES;183;Obus 120 Dilemma HE;;;;;;;;;;460;;;;;;;;;;;;;;
OPTION_PORTEES_MINI_REELLES;410;Obus 82 Vasilyok HE;;;;;;;;;;770;;;;;;;;;;;;;;
OPTION_PORTEES_MINI_REELLES;150;Obus 120 2A51 Cluster;;;;;;;;;;1700;;;;;;;;;;;;;;
OPTION_PORTEES_MINI_REELLES;190;Obus 120 2A51 HE;;;;;;;;;;1700;;;;;;;;;;;;;;
OPTION_PORTEES_MINI_REELLES;191;Obus 120 2A51M HE-RAP;;;;;;;;;;1700;;;;;;;;;;;;;;
OPTION_PORTEES_MINI_REELLES;404;Obus 120 2A51 HE-RAP;;;;;;;;;;1700;;;;;;;;;;;;;;
OPTION_PORTEES_MINI_REELLES;405;Obus 120 2A51 HE Guided;;;;;;;;;;1700;;;;;;;;;;;;;;
OPTION_PORTEES_MINI_REELLES;418;Obus 120 2A51M HE Guided;;;;;;;;;;1700;;;;;;;;;;;;;;
OPTION_PORTEES_MINI_REELLES;415;Obus 120 2A80 Vena HE Guided;;;;;;;;;;1700;;;;;;;;;;;;;;
OPTION_PORTEES_MINI_REELLES;416;Obus 120 2A80 Vena HE-RAP;;;;;;;;;;1700;;;;;;;;;;;;;;
OPTION_PORTEES_MINI_REELLES;417;Obus 120 2A80 Vena HE;;;;;;;;;;1700;;;;;;;;;;;;;;
OPTION_PORTEES_MINI_REELLES;450;Obus 120 Magnolia Cluster;;;;;;;;;;1700;;;;;;;;;;;;;;
OPTION_PORTEES_MINI_REELLES;192;Obus 120 2A51 SMK;;;;;;;;;;400;;;;;;;;;;;;;;
OPTION_PORTEES_MINI_REELLES;193;Obus 120 2A51M SMK ;;;;;;;;;;400;;;;;;;;;;;;;;
OPTION_PORTEES_MINI_REELLES;414;Obus 120 2A80 Vena SMK;;;;;;;;;;400;;;;;;;;;;;;;;
OPTION_PORTEES_MINI_REELLES;15;MLRS 227 HE Guided;;;;;;;;;;4500;;;;;;;;;;;;;;
OPTION_PORTEES_MINI_REELLES;38;MLRS 227 Cluster Guided;;;;;;;;;;4500;;;;;;;;;;;;;;
OPTION_PORTEES_MINI_REELLES;443;MLRS 227 HE;;;;;;;;;;4500;;;;;;;;;;;;;;
OPTION_PORTEES_MINI_REELLES;444;MLRS 227 Cluster;;;;;;;;;;4500;;;;;;;;;;;;;;
OPTION_PORTEES_MINI_REELLES;67;MLRS 300 HE;;;;;;;;;;4500;;;;;;;;;;;;;;
OPTION_PORTEES_MINI_REELLES;428;MLRS 300 Cluster;;;;;;;;;;4500;;;;;;;;;;;;;;
OPTION_PORTEES_MINI_REELLES;429;MLRS 300 Cluster Guided;;;;;;;;;;4500;;;;;;;;;;;;;;
OPTION_PORTEES_MINI_REELLES;430;MLRS 300 HE Guided;;;;;;;;;;4500;;;;;;;;;;;;;;
OPTION_PORTEES_MINI_REELLES;214;MLRS 220 Uragan1M;;;;;;;;;;4500;;;;;;;;;;;;;;
OPTION_PORTEES_MINI_REELLES;34;Missile Ballistic 560 ATACMS Cluster;;;;;;;;;;4500;;;;;;;;;;;;;;
OPTION_PORTEES_MINI_REELLES;218;Missile Ballistic 500 IskanderM HE;;;;;;;;;;4500;;;;;;;;;;;;;;
OPTION_PORTEES_MINI_REELLES;566;Missile Ballistic 500 IskanderM Cluster;;;;;;;;;;4500;;;;;;;;;;;;;;
OPTION_PORTEES_MINI_REELLES;427;Missile Ballistic 400 PrSM HE Guided;;;;;;;;;;4500;;;;;;;;;;;;;;
OPTION_PORTEES_MINI_REELLES;903;Missile Ballistic 400 PrSM HE Guided Fast Reload;;;;;;;;;;4500;;;;;;;;;;;;;;
OPTION_PORTEES_MINI_REELLES;439;Missile Ballistic 500 TochkaU HE;;;;;;;;;;4500;;;;;;;;;;;;;;
OPTION_PORTEES_MINI_REELLES;440;Missile Ballistic 500 TochkaU Cluster;;;;;;;;;;4500;;;;;;;;;;;;;;
OPTION_PORTEES_MINI_REELLES;211;Missile AA S300V Big;;;;;;;;;;4500;;;;;;;;;;;;;;
OPTION_PORTEES_MINI_REELLES;66;MLRS 122 Grad HE ;;;;;;;;;;5000;;;;;;;;;;;;;;
OPTION_PORTEES_MINI_REELLES;431;MLRS 122 Grad Cluster;;;;;;;;;;5000;;;;;;;;;;;;;;
OPTION_PORTEES_MINI_REELLES;432;MLRS 122 Grad Incendiary;;;;;;;;;;5000;;;;;;;;;;;;;;
OPTION_PORTEES_MINI_REELLES;73;MLRS 122 Grad SMK;;;;;;;;;;5000;;;;;;;;;;;;;;
OPTION_PORTEES_MINI_REELLES;178;MLRS 220 TOS1 Thermobaric;;;;;;;;;;500;;;;;;;;;;;;;;
OPTION_PORTEES_MINI_REELLES;179;MLRS 220 TOS1A Thermobaric;;;;;;;;;;400;;;;;;;;;;;;;;
OPTION_PORTEES_MINI_REELLES;215;MLRS 220 TOS2 Thermobaric;;;;;;;;;;1600;;;;;;;;;;;;;;
OPTION_PORTEES_MINI_REELLES;138;Missile AA S300V Small;;;;;;;;;;6000;;;;;;;;;;;;;;
OPTION_PORTEES_MINI_REELLES;226;Missile AA BUK M3;;;;;;;;;;2500;;;;;;;;;;;;;;
# OPTION_FUMEE_REELLE : rayon du rideau de fumée des obus fumigènes de 152-155 mm : 100 m. Identique pour les deux camps. Fichier généré.
OPTION_FUMEE_REELLE;68;Shell 152 2A64 M1 SMK;;;;;;;;;;;;;;;;;;;;;;;;100
OPTION_FUMEE_REELLE;149;Shell 155 M284 M109A6 SMK;;;;;;;;;;;;;;;;;;;;;;;;100
OPTION_FUMEE_REELLE;152;Shell 155 M284 M109A7 SMK;;;;;;;;;;;;;;;;;;;;;;;;100
OPTION_FUMEE_REELLE;237;Shell 152 2A33 SMK;;;;;;;;;;;;;;;;;;;;;;;;100
OPTION_FUMEE_REELLE;349;Shell 152 2A64 M2 SMK;;;;;;;;;;;;;;;;;;;;;;;;100
OPTION_FUMEE_REELLE;606;Shell 155 M284 M109A5O SMK;;;;;;;;;;;;;;;;;;;;;;;;100
OPTION_FUMEE_REELLE;612;Shell 155 K9EST SMK;;;;;;;;;;;;;;;;;;;;;;;;100
# OPTION_BALISTIQUE_REELLE : vitesse réelle à la sortie du canon (m/s) des balles, obus, grenades et roquettes tirés en tir direct, avec la pesanteur réelle 9,81 m/s² écrite en même temps (tout ou rien). Roquettes : vitesse une fois le moteur éteint. Identique pour les deux camps. Fichier généré.
OPTION_BALISTIQUE_REELLE;99;Grenade 30x29 AGS17/30;;185;;;;;;;;;;;;;;;;;;;;;;
OPTION_BALISTIQUE_REELLE;915;InfGrenade 30x29 TKB Arbalet;;185;;;;;;;;;;;;;;;;;;;;;;
OPTION_BALISTIQUE_REELLE;118;Grenade 40 AGS40;;225;;;;;;;;;;;;;;;;;;;;;;
OPTION_BALISTIQUE_REELLE;50;Grenade 40x53 NATO (Mk19);;241;;;;;;;;;;;;;;;;;;;;;;
OPTION_BALISTIQUE_REELLE;279;Grenade 40x53 NATO Mk47;;241;;;;;;;;;;;;;;;;;;;;;;
OPTION_BALISTIQUE_REELLE;486;InfGrenade 40x102 GP25 150m;;76.5;;;;;;;;;;;;;;;;;;;;;;
OPTION_BALISTIQUE_REELLE;21;InfGrenade 40x102 GP30;;76.5;;;;;;;;;;;;;;;;;;;;;;
OPTION_BALISTIQUE_REELLE;29;InfGrenade 40x46 (M203 M320);;76;;;;;;;;;;;;;;;;;;;;;;
OPTION_BALISTIQUE_REELLE;622;InfGrenade 40x46 (M203 M320) 300;;76;;;;;;;;;;;;;;;;;;;;;;
OPTION_BALISTIQUE_REELLE;470;InfGrenade 40x46 M32 150m;;76;;;;;;;;;;;;;;;;;;;;;;
OPTION_BALISTIQUE_REELLE;529;InfGrenade 40x46 225m;;76;;;;;;;;;;;;;;;;;;;;;;
OPTION_BALISTIQUE_REELLE;273;InfGrenade 25x40 XM25;;210;;;;;;;;;;;;;;;;;;;;;;
OPTION_BALISTIQUE_REELLE;911;InfGrenade 43x30 GM94 (Thermobaric);;85;;;;;;;;;;;;;;;;;;;;;;
OPTION_BALISTIQUE_REELLE;17;Rocket 70 Hydra Pod;;739;;;;;;;;;;;;;;;;;;;;;;
OPTION_BALISTIQUE_REELLE;294;Rocket 70 Hydra Pod Plane;;739;;;;;;;;;;;;;;;;;;;;;;
OPTION_BALISTIQUE_REELLE;545;Rocket 70 Hydra LAVAD;;739;;;;;;;;;;;;;;;;;;;;;;
OPTION_BALISTIQUE_REELLE;45;Rocket 70 Hydra APKWS Pod;;739;;;;;;;;;;;;;;;;;;;;;;
OPTION_BALISTIQUE_REELLE;269;Rocket 70 DAGR Pod;;739;;;;;;;;;;;;;;;;;;;;;;
OPTION_BALISTIQUE_REELLE;327;Rocket 70 Fletcher Inf;;739;;;;;;;;;;;;;;;;;;;;;;
OPTION_BALISTIQUE_REELLE;580;Rocket 127 Zuni Pod;;722;;;;;;;;;;;;;;;;;;;;;;
OPTION_BALISTIQUE_REELLE;145;Rocket 127 Zuni Pod Plane;;722;;;;;;;;;;;;;;;;;;;;;;
OPTION_BALISTIQUE_REELLE;81;Rocket 80 S8 Pod;;700;;;;;;;;;;;;;;;;;;;;;;
OPTION_BALISTIQUE_REELLE;313;Rocket 80 S8 Pod Plane;;700;;;;;;;;;;;;;;;;;;;;;;
OPTION_BALISTIQUE_REELLE;726;Rocket 80 S8L Pod;;700;;;;;;;;;;;;;;;;;;;;;;
OPTION_BALISTIQUE_REELLE;314;Rocket 340 S25 Plane;;700;;;;;;;;;;;;;;;;;;;;;;
OPTION_BALISTIQUE_REELLE;85;Rocket 122 S13 Pod;;650;;;;;;;;;;;;;;;;;;;;;;
OPTION_BALISTIQUE_REELLE;148;Rocket 122 S13 Pod Plane;;650;;;;;;;;;;;;;;;;;;;;;;
OPTION_BALISTIQUE_REELLE;917;Rocket 240 S24 Plane ;;413;;;;;;;;;;;;;;;;;;;;;;
OPTION_BALISTIQUE_REELLE;918;Rocket 240 S24 Heli;;413;;;;;;;;;;;;;;;;;;;;;;
OPTION_BALISTIQUE_REELLE;104;InfRocket 93 RPG7 HEAT PG7VL;;295;;;;;;;;;;;;;;;;;;;;;;
OPTION_BALISTIQUE_REELLE;736;InfRocket 70 RPG7 HEAT PG7VM;;295;;;;;;;;;;;;;;;;;;;;;;
OPTION_BALISTIQUE_REELLE;730;InfRocket 70 RPG7 HEAT PG7VS;;295;;;;;;;;;;;;;;;;;;;;;;
OPTION_BALISTIQUE_REELLE;476;InfRocket 40 RPG7 HE OG7V;;152;;;;;;;;;;;;;;;;;;;;;;
OPTION_BALISTIQUE_REELLE;31;InfRocket 105 RPG7 HEAT PG7VR;;200;;;;;;;;;;;;;;;;;;;;;;
OPTION_BALISTIQUE_REELLE;107;InfRocket 105 RPG7 Thermobaric TBG7V;;200;;;;;;;;;;;;;;;;;;;;;;
OPTION_BALISTIQUE_REELLE;906;InfRocket 93 RPG7 Thermobaric TBG7L;;200;;;;;;;;;;;;;;;;;;;;;;
OPTION_BALISTIQUE_REELLE;130;InfRocket 66 M72 HE;;200;;;;;;;;;;;;;;;;;;;;;;
OPTION_BALISTIQUE_REELLE;592;InfRocket 66 M72 HEAT;;200;;;;;;;;;;;;;;;;;;;;;;
OPTION_BALISTIQUE_REELLE;112;InfRocket 105 RPG29 HEAT;;280;;;;;;;;;;;;;;;;;;;;;;
OPTION_BALISTIQUE_REELLE;111;InfRocket 105 RPG27 HEAT;;120;;;;;;;;;;;;;;;;;;;;;;
OPTION_BALISTIQUE_REELLE;524;InfRocket 105 RShG1 Thermobaric ;;120;;;;;;;;;;;;;;;;;;;;;;
OPTION_BALISTIQUE_REELLE;109;InfRocket 73 RPG26 HEAT;;144;;;;;;;;;;;;;;;;;;;;;;
OPTION_BALISTIQUE_REELLE;377;InfRocket 73 RShG2 Thermobaric;;144;;;;;;;;;;;;;;;;;;;;;;
OPTION_BALISTIQUE_REELLE;735;InfRocket 64 RPG18 HEAT;;115;;;;;;;;;;;;;;;;;;;;;;
OPTION_BALISTIQUE_REELLE;509;InfRocket 58 RPG16 HEAT ;;350;;;;;;;;;;;;;;;;;;;;;;
OPTION_BALISTIQUE_REELLE;905;InfRocket 105 RPG32 HEAT;;140;;;;;;;;;;;;;;;;;;;;;;
OPTION_BALISTIQUE_REELLE;108;InfRocket 93 RPO Thermobaric;;125;;;;;;;;;;;;;;;;;;;;;;
OPTION_BALISTIQUE_REELLE;396;InfRocket 93 RPOM Thermobaric;;125;;;;;;;;;;;;;;;;;;;;;;
OPTION_BALISTIQUE_REELLE;451;Rocket 93 RPO Thermobaric Vehicle;;125;;;;;;;;;;;;;;;;;;;;;;
OPTION_BALISTIQUE_REELLE;737;Rocket 93 RPOM Thermobaric Vehicle;;125;;;;;;;;;;;;;;;;;;;;;;
OPTION_BALISTIQUE_REELLE;86;InfRocket 84 AT4 HEAT;;290;;;;;;;;;;;;;;;;;;;;;;
OPTION_BALISTIQUE_REELLE;475;InfRocket 84 AT4 Tandem;;290;;;;;;;;;;;;;;;;;;;;;;
OPTION_BALISTIQUE_REELLE;33;InfRocket 84 CGM3 HEAT;;255;;;;;;;;;;;;;;;;;;;;;;
OPTION_BALISTIQUE_REELLE;594;InfRocket 84 CGM2 HEAT;;255;;;;;;;;;;;;;;;;;;;;;;
OPTION_BALISTIQUE_REELLE;492;InfRocket 84 CGM3 HE;;255;;;;;;;;;;;;;;;;;;;;;;
OPTION_BALISTIQUE_REELLE;344;InfRocket 84 CGM4 HEAT Tandem;;336;;;;;;;;;;;;;;;;;;;;;;
OPTION_BALISTIQUE_REELLE;128;InfRocket 84 M141 BDM HEDP ;;217;;;;;;;;;;;;;;;;;;;;;;
OPTION_BALISTIQUE_REELLE;42;InfRocket 84 SMAW HEAA;;208;;;;;;;;;;;;;;;;;;;;;;
OPTION_BALISTIQUE_REELLE;41;InfRocket 84 SMAW NE;;150;;;;;;;;;;;;;;;;;;;;;;
OPTION_BALISTIQUE_REELLE;105;InfRocket 73 SPG9 HEAT;;435;;;;;;;;;;;;;;;;;;;;;;
OPTION_BALISTIQUE_REELLE;525;InfRocket 73 SPG9 HE;;316;316;;;;;;;;;;;;;;;;;;;;;
OPTION_BALISTIQUE_REELLE;435;Round 73 2A28 HEAT T1;;400;665;;;;;;;;;;;;;;;;;;;;;
OPTION_BALISTIQUE_REELLE;436;Round 73 2A28 HE T1;;290;290;;;;;;;;;;;;;;;;;;;;;
OPTION_BALISTIQUE_REELLE;591;InfRocket 90 PVPJ1110 HEAT;;700;;;;;;;;;;;;;;;;;;;;;;
OPTION_BALISTIQUE_REELLE;609;InfRocket 90 PVPJ1110 HE;;700;;;;;;;;;;;;;;;;;;;;;;
OPTION_BALISTIQUE_REELLE;25;Round 25 Bushmaster T2 AP ;;1345;;;;;;;;;;;;;;;;;;;;;;
OPTION_BALISTIQUE_REELLE;278;Round 25 Bushmaster T3 AP;;1345;;;;;;;;;;;;;;;;;;;;;;
OPTION_BALISTIQUE_REELLE;26;Round 25 Bushmaster T2 HE;;1100;;;;;;;;;;;;;;;;;;;;;;
OPTION_BALISTIQUE_REELLE;277;Round 25 Bushmaster T3 HE;;1100;;;;;;;;;;;;;;;;;;;;;;
OPTION_BALISTIQUE_REELLE;82;Round 30 2A42 T1 AP;;970;;;;;;;;;;;;;;;;;;;;;;
OPTION_BALISTIQUE_REELLE;379;Round 30 2A42 T1 AP Ka29;;970;;;;;;;;;;;;;;;;;;;;;;
OPTION_BALISTIQUE_REELLE;206;Round 30 2A42 T2 AP;;970;;;;;;;;;;;;;;;;;;;;;;
OPTION_BALISTIQUE_REELLE;208;Round 30 2A72 T1 AP;;970;;;;;;;;;;;;;;;;;;;;;;
OPTION_BALISTIQUE_REELLE;3;Round 30 2A72 T2 AP;;970;;;;;;;;;;;;;;;;;;;;;;
OPTION_BALISTIQUE_REELLE;209;Round 30 2A42 T3 AP;;1120;;;;;;;;;;;;;;;;;;;;;;
OPTION_BALISTIQUE_REELLE;564;Round 30 2A42 T3 AP Heli;;1120;;;;;;;;;;;;;;;;;;;;;;
OPTION_BALISTIQUE_REELLE;195;Round 30 2A72 T3 AP;;1120;;;;;;;;;;;;;;;;;;;;;;
OPTION_BALISTIQUE_REELLE;204;Round 30 2A42 T1 HE;;960;;;;;;;;;;;;;;;;;;;;;;
OPTION_BALISTIQUE_REELLE;378;Round 30 2A42 T1 HE Ka29;;960;;;;;;;;;;;;;;;;;;;;;;
OPTION_BALISTIQUE_REELLE;205;Round 30 2A42 T2 HE;;960;;;;;;;;;;;;;;;;;;;;;;
OPTION_BALISTIQUE_REELLE;210;Round 30 2A42 T3 HE;;960;;;;;;;;;;;;;;;;;;;;;;
OPTION_BALISTIQUE_REELLE;546;Round 30 2A42 T3 HE BMPT;;960;;;;;;;;;;;;;;;;;;;;;;
OPTION_BALISTIQUE_REELLE;563;Round 30 2A42 T3 HE Heli;;960;;;;;;;;;;;;;;;;;;;;;;
OPTION_BALISTIQUE_REELLE;207;Round 30 2A72 T1 HE;;960;;;;;;;;;;;;;;;;;;;;;;
OPTION_BALISTIQUE_REELLE;177;Round 30 2A72 T2 HE;;960;;;;;;;;;;;;;;;;;;;;;;
OPTION_BALISTIQUE_REELLE;196;Round 30 2A72 T3 HE;;960;;;;;;;;;;;;;;;;;;;;;;
OPTION_BALISTIQUE_REELLE;60;Round 30 2A38 Pantsir AAG HE T3;;960;;;;;;;;;;;;;;;;;;;;;;
OPTION_BALISTIQUE_REELLE;231;Round 30 2A38 Tunguska AAG HE;;960;;;;;;;;;;;;;;;;;;;;;;
OPTION_BALISTIQUE_REELLE;534;Round 30 AK630M HE;;890;;;;;;;;;;;;;;;;;;;;;;
OPTION_BALISTIQUE_REELLE;22;Round 30 Bushmaster2 AP T3;;1430;;;;;;;;;;;;;;;;;;;;;;
OPTION_BALISTIQUE_REELLE;307;Round 30 Bushmaster2  AC130 AP;;1430;;;;;;;;;;;;;;;;;;;;;;
OPTION_BALISTIQUE_REELLE;53;Round 30 Bushmaster2 HE T3;;1080;;;;;;;;;;;;;;;;;;;;;;
OPTION_BALISTIQUE_REELLE;74;Round 30 Bushmaster2  AC130 HE;;1080;;;;;;;;;;;;;;;;;;;;;;
OPTION_BALISTIQUE_REELLE;293;Round 30 GAU8 A10C Mixed;;1013;;;;;;;;;;;;;;;;;;;;;;
OPTION_BALISTIQUE_REELLE;10;Round 30 M230 HEDP Heli T3;;805;;;;;;;;;;;;;;;;;;;;;;
OPTION_BALISTIQUE_REELLE;571;Round 30 Rarden AP;;1175;;;;;;;;;;;;;;;;;;;;;;
OPTION_BALISTIQUE_REELLE;567;Round 30 Rarden HE;;1070;;;;;;;;;;;;;;;;;;;;;;
OPTION_BALISTIQUE_REELLE;569;Round 35 Bushmaster3 AP T3;;1180;;;;;;;;;;;;;;;;;;;;;;
OPTION_BALISTIQUE_REELLE;570;Round 35 Bushmaster3 HE T3;;1180;;;;;;;;;;;;;;;;;;;;;;
OPTION_BALISTIQUE_REELLE;55;Round 40 Bofors HEDP (AC-130);;880;;;;;;;;;;;;;;;;;;;;;;
OPTION_BALISTIQUE_REELLE;56;Round 25 GAU12 (AC-130);;1040;;;;;;;;;;;;;;;;;;;;;;
OPTION_BALISTIQUE_REELLE;32;Round 25 GAU12 AAG HE;;1040;;;;;;;;;;;;;;;;;;;;;;
OPTION_BALISTIQUE_REELLE;146;Round 25 GAU12 AV8B;;1040;;;;;;;;;;;;;;;;;;;;;;
OPTION_BALISTIQUE_REELLE;305;Round 25 GAU22 F35;;970;;;;;;;;;;;;;;;;;;;;;;
OPTION_BALISTIQUE_REELLE;212;Round 23 AZP23 NoRad HE;;970;;;;;;;;;;;;;;;;;;;;;;
OPTION_BALISTIQUE_REELLE;213;Round 23 AZP23 Rad AAG HE;;970;;;;;;;;;;;;;;;;;;;;;;
OPTION_BALISTIQUE_REELLE;162;Round 23x152 ZU23 AAG HE;;970;;;;;;;;;;;;;;;;;;;;;;
OPTION_BALISTIQUE_REELLE;189;Round 23x152 ZU23M AAG HE;;970;;;;;;;;;;;;;;;;;;;;;;
OPTION_BALISTIQUE_REELLE;62;Round 20 M61 AAG HE;;1050;;;;;;;;;;;;;;;;;;;;;;
OPTION_BALISTIQUE_REELLE;262;Round 20 M61 AAG CIWS HE;;1050;;;;;;;;;;;;;;;;;;;;;;
OPTION_BALISTIQUE_REELLE;561;Round 20 M61 AAG CIWS Ship;;1050;;;;;;;;;;;;;;;;;;;;;;
OPTION_BALISTIQUE_REELLE;295;Round 20 M61 HE Planes;;1050;;;;;;;;;;;;;;;;;;;;;;
OPTION_BALISTIQUE_REELLE;58;Round 20 M197 Mixed T2;;1030;;;;;;;;;;;;;;;;;;;;;;
OPTION_BALISTIQUE_REELLE;457;Round 20 XM301 Mixed T2;;1030;;;;;;;;;;;;;;;;;;;;;;
OPTION_BALISTIQUE_REELLE;604;Round 20x102 NC621 Mixed Heli Pod;;1000;;;;;;;;;;;;;;;;;;;;;;
OPTION_BALISTIQUE_REELLE;490;Round 57 S60 AP T1;;1000;;;;;;;;;;;;;;;;;;;;;;
OPTION_BALISTIQUE_REELLE;491;Round 57 S60 HE T1;;1000;;;;;;;;;;;;;;;;;;;;;;
OPTION_BALISTIQUE_REELLE;266;Round 57 2A91 Barbaris AP T3;;1000;;;;;;;;;;;;;;;;;;;;;;
OPTION_BALISTIQUE_REELLE;267;Round 57 2A91 Barbaris HE T3;;1000;;;;;;;;;;;;;;;;;;;;;;
OPTION_BALISTIQUE_REELLE;201;Round 57 2A91 Derivatsiya AAG HE T3;;1000;;;;;;;;;;;;;;;;;;;;;;
OPTION_BALISTIQUE_REELLE;79;Round 23x115 GSh23L Mixed;;715;;;;;;;;;;;;;;;;;;;;;;
OPTION_BALISTIQUE_REELLE;437;Round 23x115 GSh23L Mixed Heli Pod;;715;;;;;;;;;;;;;;;;;;;;;;
OPTION_BALISTIQUE_REELLE;333;Round 23x115 GSh23L Planes Mixed;;715;;;;;;;;;;;;;;;;;;;;;;
OPTION_BALISTIQUE_REELLE;330;Round 23x115 GSh6_23 Mixed;;715;;;;;;;;;;;;;;;;;;;;;;
OPTION_BALISTIQUE_REELLE;292;Round 23x115 GSh23L Tailgun;;715;;;;;;;;;;;;;;;;;;;;;;
OPTION_BALISTIQUE_REELLE;161;Round 23x115 KPVB Mixed;;715;;;;;;;;;;;;;;;;;;;;;;
OPTION_BALISTIQUE_REELLE;176;Round 23x115 AP23 Mixed;;715;;;;;;;;;;;;;;;;;;;;;;
OPTION_BALISTIQUE_REELLE;90;Round 30 GSh301 Mixed;;900;;;;;;;;;;;;;;;;;;;;;;
OPTION_BALISTIQUE_REELLE;332;Round 30 GSh2_30 Su25 Mixed;;870;;;;;;;;;;;;;;;;;;;;;;
OPTION_BALISTIQUE_REELLE;350;Round 30 GSh30K AAG HE;;940;;;;;;;;;;;;;;;;;;;;;;
OPTION_BALISTIQUE_REELLE;78;Round 30 GSh30K Mixed;;940;;;;;;;;;;;;;;;;;;;;;;
OPTION_BALISTIQUE_REELLE;16;InfBullet 5.56x45 T1;;910;;;;;;;;;;;;;;;;;;;;;;
OPTION_BALISTIQUE_REELLE;357;InfBullet 5.56x45 T2;;910;;;;;;;;;;;;;;;;;;;;;;
OPTION_BALISTIQUE_REELLE;358;InfBullet 5.56x45 T3;;910;;;;;;;;;;;;;;;;;;;;;;
OPTION_BALISTIQUE_REELLE;619;InfBullet 5.56x45 T3 M27;;910;;;;;;;;;;;;;;;;;;;;;;
OPTION_BALISTIQUE_REELLE;39;InfBullet 5.56x45 DMR T2;;910;;;;;;;;;;;;;;;;;;;;;;
OPTION_BALISTIQUE_REELLE;371;InfBullet 5.56x45 DMR T3;;910;;;;;;;;;;;;;;;;;;;;;;
OPTION_BALISTIQUE_REELLE;143;InfBullet 5.56x45 T2 CQC;;910;;;;;;;;;;;;;;;;;;;;;;
OPTION_BALISTIQUE_REELLE;469;InfBullet 5.56x45 T3 CQC;;910;;;;;;;;;;;;;;;;;;;;;;
OPTION_BALISTIQUE_REELLE;129;InfBullet 6.8x51 T2;;910;;;;;;;;;;;;;;;;;;;;;;
OPTION_BALISTIQUE_REELLE;472;InfBullet 6.8x51 MG T2;;910;;;;;;;;;;;;;;;;;;;;;;
OPTION_BALISTIQUE_REELLE;51;InfBullet 5.56x45 Autorifle T1;;915;;;;;;;;;;;;;;;;;;;;;;
OPTION_BALISTIQUE_REELLE;360;InfBullet 5.56x45 Autorifle T2;;915;;;;;;;;;;;;;;;;;;;;;;
OPTION_BALISTIQUE_REELLE;368;InfBullet 5.56x45 Autorifle T3;;915;;;;;;;;;;;;;;;;;;;;;;
OPTION_BALISTIQUE_REELLE;471;InfBullet 5.56x45 Autorifle T3 CQC;;915;;;;;;;;;;;;;;;;;;;;;;
OPTION_BALISTIQUE_REELLE;30;InfBullet 5.45x39 T1;;900;;;;;;;;;;;;;;;;;;;;;;
OPTION_BALISTIQUE_REELLE;361;InfBullet 5.45x39 T2;;900;;;;;;;;;;;;;;;;;;;;;;
OPTION_BALISTIQUE_REELLE;364;InfBullet 5.45x39 T0;;900;;;;;;;;;;;;;;;;;;;;;;
OPTION_BALISTIQUE_REELLE;366;InfBullet 5.45x39 T3;;900;;;;;;;;;;;;;;;;;;;;;;
OPTION_BALISTIQUE_REELLE;568;InfBullet 5.45x39 AN94  AEK AK107 T3;;900;;;;;;;;;;;;;;;;;;;;;;
OPTION_BALISTIQUE_REELLE;93;InfBullet 5.45x39 Autorifle T1;;900;;;;;;;;;;;;;;;;;;;;;;
OPTION_BALISTIQUE_REELLE;434;InfBullet 5.45x39 Autorifle T2;;900;;;;;;;;;;;;;;;;;;;;;;
OPTION_BALISTIQUE_REELLE;373;InfBullet 5.45x39 Autorifle T3;;900;;;;;;;;;;;;;;;;;;;;;;
OPTION_BALISTIQUE_REELLE;510;InfBullet 5.45x39 Autorifle T2 CQC;;900;;;;;;;;;;;;;;;;;;;;;;
OPTION_BALISTIQUE_REELLE;511;InfBullet 5.45x39 Autorifle T3 CQC;;900;;;;;;;;;;;;;;;;;;;;;;
OPTION_BALISTIQUE_REELLE;907;InfBullet 5.45x39 DMR T2;;900;;;;;;;;;;;;;;;;;;;;;;
OPTION_BALISTIQUE_REELLE;101;InfBullet 8.6x70 Lapua Sniper RU T2;;900;;;;;;;;;;;;;;;;;;;;;;
OPTION_BALISTIQUE_REELLE;389;InfBullet 8.6x70 Lapua Sniper US T2;;900;;;;;;;;;;;;;;;;;;;;;;
OPTION_BALISTIQUE_REELLE;732;InfBullet 8.6x70  DMR T3;;900;;;;;;;;;;;;;;;;;;;;;;
OPTION_BALISTIQUE_REELLE;385;InfBullet 10.3x77 CheyTac Sniper T3;;900;;;;;;;;;;;;;;;;;;;;;;
OPTION_BALISTIQUE_REELLE;94;InfBullet 7.62x39 T1;;715;;;;;;;;;;;;;;;;;;;;;;
OPTION_BALISTIQUE_REELLE;381;InfBullet 7.62x39 T2;;715;;;;;;;;;;;;;;;;;;;;;;
OPTION_BALISTIQUE_REELLE;620;InfBullet 7.62x39 T3 AEK;;715;;;;;;;;;;;;;;;;;;;;;;
OPTION_BALISTIQUE_REELLE;382;InfBullet 7.62x39 T3 CQC;;715;;;;;;;;;;;;;;;;;;;;;;
OPTION_BALISTIQUE_REELLE;913;InfBullet 7.62x39 Autorifle T3 CQC;;715;;;;;;;;;;;;;;;;;;;;;;
OPTION_BALISTIQUE_REELLE;27;Bullet 7.62x51 MG ;;853;;;;;;;;;;;;;;;;;;;;;;
OPTION_BALISTIQUE_REELLE;153;InfBullet 7.62x51 MG T1;;853;;;;;;;;;;;;;;;;;;;;;;
OPTION_BALISTIQUE_REELLE;76;InfBullet 7.62x51 MG T2;;853;;;;;;;;;;;;;;;;;;;;;;
OPTION_BALISTIQUE_REELLE;390;InfBullet 7.62x51 MG T3;;853;;;;;;;;;;;;;;;;;;;;;;
OPTION_BALISTIQUE_REELLE;621;InfBullet 7.62x51 MG T3 CQC;;853;;;;;;;;;;;;;;;;;;;;;;
OPTION_BALISTIQUE_REELLE;274;InfBullet 7.62x51 T1;;853;;;;;;;;;;;;;;;;;;;;;;
OPTION_BALISTIQUE_REELLE;614;InfBullet 7.62x51 T1 450;;853;;;;;;;;;;;;;;;;;;;;;;
OPTION_BALISTIQUE_REELLE;376;InfBullet 7.62x51 T3;;853;;;;;;;;;;;;;;;;;;;;;;
OPTION_BALISTIQUE_REELLE;40;InfBullet 7.62x51 DMR T1;;853;;;;;;;;;;;;;;;;;;;;;;
OPTION_BALISTIQUE_REELLE;370;InfBullet 7.62x51 DMR T2;;853;;;;;;;;;;;;;;;;;;;;;;
OPTION_BALISTIQUE_REELLE;579;InfBullet 7.62x51 DMR T2 250m;;853;;;;;;;;;;;;;;;;;;;;;;
OPTION_BALISTIQUE_REELLE;391;InfBullet 7.62x51 DMR T3;;853;;;;;;;;;;;;;;;;;;;;;;
OPTION_BALISTIQUE_REELLE;343;InfBullet 7.62x51 Sniper T1;;853;;;;;;;;;;;;;;;;;;;;;;
OPTION_BALISTIQUE_REELLE;369;InfBullet 7.62x51 Sniper T2;;853;;;;;;;;;;;;;;;;;;;;;;
OPTION_BALISTIQUE_REELLE;383;InfBullet 7.62x51 (308W) Sniper T3;;853;;;;;;;;;;;;;;;;;;;;;;
OPTION_BALISTIQUE_REELLE;155;Bullet 7.62x51 Minigun;;853;;;;;;;;;;;;;;;;;;;;;;
OPTION_BALISTIQUE_REELLE;9;Bullet 7.62x54 MG Vehicles;;855;;;;;;;;;;;;;;;;;;;;;;
OPTION_BALISTIQUE_REELLE;75;InfBullet 7.62x54 MG T1;;825;;;;;;;;;;;;;;;;;;;;;;
OPTION_BALISTIQUE_REELLE;362;InfBullet 7.62x54 MG T2;;825;;;;;;;;;;;;;;;;;;;;;;
OPTION_BALISTIQUE_REELLE;386;InfBullet 7.62x54 MG T3;;825;;;;;;;;;;;;;;;;;;;;;;
OPTION_BALISTIQUE_REELLE;365;InfBullet 7.62x54 MG T0;;825;;;;;;;;;;;;;;;;;;;;;;
OPTION_BALISTIQUE_REELLE;480;InfBullet 7.62x54 MG T3 CQC;;825;;;;;;;;;;;;;;;;;;;;;;
OPTION_BALISTIQUE_REELLE;156;Bullet 7.62x54 Minigun;;825;;;;;;;;;;;;;;;;;;;;;;
OPTION_BALISTIQUE_REELLE;100;InfBullet 7.62x54 DMR T1;;830;;;;;;;;;;;;;;;;;;;;;;
OPTION_BALISTIQUE_REELLE;372;InfBullet 7.62x54 DMR T2;;830;;;;;;;;;;;;;;;;;;;;;;
OPTION_BALISTIQUE_REELLE;912;InfBullet 7.62x54 DMR T3 ;;830;;;;;;;;;;;;;;;;;;;;;;
OPTION_BALISTIQUE_REELLE;394;InfBullet 7.62x54 DMR T3 CQC;;830;;;;;;;;;;;;;;;;;;;;;;
OPTION_BALISTIQUE_REELLE;393;InfBullet 7.62x54 Sniper T2;;830;;;;;;;;;;;;;;;;;;;;;;
OPTION_BALISTIQUE_REELLE;916;InfBullet 7.62x54 Sniper T3;;830;;;;;;;;;;;;;;;;;;;;;;
OPTION_BALISTIQUE_REELLE;526;InfBullet 6.5x48 DMR T3;;830;;;;;;;;;;;;;;;;;;;;;;
OPTION_BALISTIQUE_REELLE;527;InfBullet 6.5x48 T3;;830;;;;;;;;;;;;;;;;;;;;;;
OPTION_BALISTIQUE_REELLE;528;InfBullet 6.5x48 MG T3;;830;;;;;;;;;;;;;;;;;;;;;;
OPTION_BALISTIQUE_REELLE;19;Bullet 12.7x99;;890;;;;;;;;;;;;;;;;;;;;;;
OPTION_BALISTIQUE_REELLE;479;Bullet 12.7x99 Gunpod;;890;;;;;;;;;;;;;;;;;;;;;;
OPTION_BALISTIQUE_REELLE;280;Bullet 12.7x99 Minigun;;890;;;;;;;;;;;;;;;;;;;;;;
OPTION_BALISTIQUE_REELLE;513;Bullet 12.7x99 Minigun Heli;;890;;;;;;;;;;;;;;;;;;;;;;
OPTION_BALISTIQUE_REELLE;275;InfBullet 12.7x99 Sniper T1;;890;;;;;;;;;;;;;;;;;;;;;;
OPTION_BALISTIQUE_REELLE;387;InfBullet 12.7x99 Sniper T3;;890;;;;;;;;;;;;;;;;;;;;;;
OPTION_BALISTIQUE_REELLE;70;Bullet 12.7x108RU;;860;;;;;;;;;;;;;;;;;;;;;;
OPTION_BALISTIQUE_REELLE;380;Bullet 12.7x108RU Minigun;;860;;;;;;;;;;;;;;;;;;;;;;
OPTION_BALISTIQUE_REELLE;488;InfBullet 12.7x108RU MG;;860;;;;;;;;;;;;;;;;;;;;;;
OPTION_BALISTIQUE_REELLE;384;InfBullet 12.7x108 Sniper T1;;860;;;;;;;;;;;;;;;;;;;;;;
OPTION_BALISTIQUE_REELLE;724;InfBullet 12.7x108RU 6P62;;860;;;;;;;;;;;;;;;;;;;;;;
OPTION_BALISTIQUE_REELLE;163;Bullet 14.5 ;;1005;;;;;;;;;;;;;;;;;;;;;;
OPTION_BALISTIQUE_REELLE;473;InfBullet 8.6x70 MG T3;;870;;;;;;;;;;;;;;;;;;;;;;
OPTION_BALISTIQUE_REELLE;388;InfBullet 7.62x67 Sniper T2 ;;870;;;;;;;;;;;;;;;;;;;;;;
OPTION_BALISTIQUE_REELLE;904;InfBullet 6.02x41 T3;;850;;;;;;;;;;;;;;;;;;;;;;
OPTION_BALISTIQUE_REELLE;342;InfBullet 9.3x64 DMR T3;;770;;;;;;;;;;;;;;;;;;;;;;
OPTION_BALISTIQUE_REELLE;120;InfBullet 9x39 T3;;290;;;;;;;;;;;;;;;;;;;;;;
OPTION_BALISTIQUE_REELLE;375;InfBullet 9x39 DMR T3 ;;290;;;;;;;;;;;;;;;;;;;;;;
OPTION_BALISTIQUE_REELLE;341;InfBullet 9x19 T3;;380;;;;;;;;;;;;;;;;;;;;;;
OPTION_BALISTIQUE_REELLE;43;InfBullet 12Gauge SLUG T1;;430;;;;;;;;;;;;;;;;;;;;;;
OPTION_BALISTIQUE_REELLE;359;InfBullet 12Gauge SLUG T2;;430;;;;;;;;;;;;;;;;;;;;;;
OPTION_BALISTIQUE_REELLE;363;InfBullet 12Gauge SLUG Saiga T2 ;;430;;;;;;;;;;;;;;;;;;;;;;
OPTION_BALISTIQUE_REELLE;914;InfBullet 4Gauge SLUG KS23 T2 ;;280;;;;;;;;;;;;;;;;;;;;;;
OPTION_BALISTIQUE_REELLE;1;Round 120 M256 AP M1A2C T3;;1555;;;;;;;;;;;;;;;;;;;;;;
OPTION_BALISTIQUE_REELLE;254;Round 120 M256 AP M1A2SEP2 T3;;1555;;;;;;;;;;;;;;;;;;;;;;
OPTION_BALISTIQUE_REELLE;258;Round 120 M256 AP M1A1FEP T3;;1555;;;;;;;;;;;;;;;;;;;;;;
OPTION_BALISTIQUE_REELLE;255;Round 120 M256 AP M1A2SEP T3;;1675;;;;;;;;;;;;;;;;;;;;;;
OPTION_BALISTIQUE_REELLE;256;Round 120 M256 AP M1A2 T2.5;;1575;;;;;;;;;;;;;;;;;;;;;;
OPTION_BALISTIQUE_REELLE;257;Round 120 M256 AP M1A1HC T2;;1575;;;;;;;;;;;;;;;;;;;;;;
OPTION_BALISTIQUE_REELLE;498;Round 100 MT12 AP T1;;1575;;;;;;;;;;;;;;;;;;;;;;
OPTION_BALISTIQUE_REELLE;575;Round 120 Leo2A7 AP;;1750;;;;;;;;;;;;;;;;;;;;;;
OPTION_BALISTIQUE_REELLE;251;Round 120 M256 HEAT M1A2SEP2 T3;;1400;;;;;;;;;;;;;;;;;;;;;;
OPTION_BALISTIQUE_REELLE;252;Round 120 M256 HEAT M1A2SEP T3;;1400;;;;;;;;;;;;;;;;;;;;;;
OPTION_BALISTIQUE_REELLE;253;Round 120 M256 HEAT M1A2 T2.5;;1140;;;;;;;;;;;;;;;;;;;;;;
OPTION_BALISTIQUE_REELLE;260;Round 120 M256 HEAT M1A1HC T2;;1140;;;;;;;;;;;;;;;;;;;;;;
OPTION_BALISTIQUE_REELLE;540;Round 120 M256 HE SEP3;;1150;;;;;;;;;;;;;;;;;;;;;;
OPTION_BALISTIQUE_REELLE;259;Round 120 M256 HE M1A1FEP T2.5;;1150;;;;;;;;;;;;;;;;;;;;;;
OPTION_BALISTIQUE_REELLE;576;Round 120 Leo2A8 HE;;1000;;;;;;;;;;;;;;;;;;;;;;
OPTION_BALISTIQUE_REELLE;264;Round 125 2A46M AP T72BA T2;;1700;;;;;;;;;;;;;;;;;;;;;;
OPTION_BALISTIQUE_REELLE;124;Round 125 2A75 AP T2;;1700;;;;;;;;;;;;;;;;;;;;;;
OPTION_BALISTIQUE_REELLE;49;Round 125 2A82 HE T3;;850;;;;;;;;;;;;;;;;;;;;;;
OPTION_BALISTIQUE_REELLE;241;Round 125 2A46M5 T90A T80UA HE  T2.5;;850;;;;;;;;;;;;;;;;;;;;;;
OPTION_BALISTIQUE_REELLE;243;Round 125 2A46M501 T90M HE T3;;850;;;;;;;;;;;;;;;;;;;;;;
OPTION_BALISTIQUE_REELLE;65;Shell 130 AK130 AAG;;850;;;;;;;;;;;;;;;;;;;;;;
OPTION_BALISTIQUE_REELLE;244;Round 125 HEAT T3;;905;;;;;;;;;;;;;;;;;;;;;;
OPTION_BALISTIQUE_REELLE;716;Round 115 2A20 HE T1;;905;;;;;;;;;;;;;;;;;;;;;;
OPTION_BALISTIQUE_REELLE;717;Round 115 2A20 HE T2;;905;;;;;;;;;;;;;;;;;;;;;;
OPTION_BALISTIQUE_REELLE;7;Round 100 2A70 T1 HE;;355;;;;;;;;;;;;;;;;;;;;;;
OPTION_BALISTIQUE_REELLE;194;Round 100 2A70 T2 HE;;355;;;;;;;;;;;;;;;;;;;;;;
OPTION_BALISTIQUE_REELLE;499;Round 100 MT12 HEAT T1;;975;;;;;;;;;;;;;;;;;;;;;;
OPTION_BALISTIQUE_REELLE;500;Round 100 MT12 HE T1;;700;;;;;;;;;;;;;;;;;;;;;;
OPTION_BALISTIQUE_REELLE;701;Round 115 2A20 AP T1;;1650;;;;;;;;;;;;;;;;;;;;;;
OPTION_BALISTIQUE_REELLE;713;Round 115 2A20 AP T2;;1650;;;;;;;;;;;;;;;;;;;;;;
OPTION_BALISTIQUE_REELLE;714;Round 115 2A20 HEAT T1 ;;900;;;;;;;;;;;;;;;;;;;;;;
OPTION_BALISTIQUE_REELLE;715;Round 115 2A20 HEAT T2;;900;;;;;;;;;;;;;;;;;;;;;;
OPTION_BALISTIQUE_REELLE;224;Round 76 D56TS HE T1;;680;;;;;;;;;;;;;;;;;;;;;;
OPTION_BALISTIQUE_REELLE;24;Round 105 M68 HESH T1;;730;;;;;;;;;;;;;;;;;;;;;;
OPTION_BALISTIQUE_REELLE;171;Round 105 M68 XM35 HESH T2;;730;;;;;;;;;;;;;;;;;;;;;;
OPTION_BALISTIQUE_REELLE;504;Round 105 XM35 HESH T3;;730;;;;;;;;;;;;;;;;;;;;;;
OPTION_BALISTIQUE_REELLE;57;Round 105 M102 (AC-130);;494;;;;;;;;;;;;;;;;;;;;;;
OPTION_BALISTIQUE_REELLE;448;Shell 127 Mark45 AA;;808;;;;;;;;;;;;;;;;;;;;;;
